CLASS,CLASS_CODE,COMM_CODE,NAME,SECTOR,SRG,COMM_STRUC,CNSS_YR,FOIP_IND,RES_CNT,DWELL_CNT,PRSCH_CHLD,ELECT_CNT,EMPLYD_CNT,OWNSHP_CNT,DOG_CNT,CAT_CNT,SING_FAMLY,DUPLEX,MULTI_PLEX,APARTMENT,TOWN_HOUSE,MANUF_HOME,CONV_STRUC,COMUNL_HSE,RES_COMM,OTHER_RES,NURSING_HM,OTHER_INST,HOTEL_CNT,OTHER_MISC,APT_NO_RES,APT_OCCPD,APT_OWNED,APT_PERSON,APT_VACANT,APT_UC,APT_NA,CNV_NO_RES,CNV_OCCPD,CNV_OWNED,CNV_PERSON,CNV_VACANT,CNV_UC,CNV_NA,DUP_NO_RES,DUP_OCCPD,DUP_OWNED,DUP_PERSON,DUP_VACANT,DUP_UC,DUP_NA,MFH_NO_RES,MFH_OCCPD,MFH_OWNED,MFH_PERSON,MFH_VACANT,MFH_UC,MFH_NA,MUL_NO_RES,MUL_OCCPD,MUL_OWNED,MUL_PERSON,MUL_VACANT,MUL_UC,MUL_NA,OTH_NO_RES,OTH_OCCPD,OTH_OWNED,OTH_PERSON,OTH_VACANT,OTH_UC,OTH_NA,TWN_NO_RES,TWN_OCCPD,TWN_OWNED,TWN_PERSON,TWN_VACANT,TWN_UC,TWN_NA,SF_NO_RES,SF_OCCPD,SF_OWNED,SF_PERSON,SF_VACANT,SF_UC,SF_NA,OTH_STRTY,DWELSZ_1,DWELSZ_2,DWELSZ_3,DWELSZ_4_5,DWELSZ_6,MALE_CNT,FEMALE_CNT,MALE_0_4,MALE_5_14,MALE_15_19,MALE_20_24,MALE_25_34,MALE_35_44,MALE_45_54,MALE_55_64,MALE_65_74,MALE_75,FEM_0_4,FEM_5_14,FEM_15_19,FEM_20_24,FEM_25_34,FEM_35_44,FEM_45_54,FEM_55_64,FEM_65_74,FEM_75,MF_0_4,MF_5_14,MF_15_19,MF_20_24,MF_25_34,MF_35_44,MF_45_54,MF_55_64,MF_65_74,MF_75
Residential,1,DOV,DOVER,EAST,BUILT-OUT,1960s/1970s,2015,,10970,4881,796,0,0,2855,0,0,2075,789,0,1148,549,0,320,0,0,0,0,0,0,0,0,1106,390,1605,37,0,5,0,252,21,452,39,0,29,0,760,408,2232,29,0,0,0,0,0,0,0,0,0,0,0,0,0,0,0,0,0,0,0,0,0,0,0,0,525,360,1274,20,1,3,1,2036,1676,5407,36,1,1,0,1466,1586,769,711,146,0,0,0,0,0,0,0,0,0,0,0,0,0,0,0,0,0,0,0,0,0,0,0,0,0,0,0,0,0,0,0,0
Residual Sub Area,4,13H,13H,SOUTH,N/A,UNDEVELOPED,2015,,0,0,0,0,0,0,0,0,0,0,0,0,0,0,0,0,0,0,0,0,0,0,0,0,0,0,0,0,0,0,0,0,0,0,0,0,0,0,0,0,0,0,0,0,0,0,0,0,0,0,0,0,0,0,0,0,0,0,0,0,0,0,0,0,0,0,0,0,0,0,0,0,0,0,0,0,0,0,0,0,0,0,0,0,0,0,0,0,0,0,0,0,0,0,0,0,0,0,0,0,0,0,0,0,0,0,0,0,0,0,0,0,0,0,0,0
Residual Sub Area,4,13E,13E,SOUTH,N/A,UNDEVELOPED,2015,Y,0,2,0,0,0,0,0,0,2,0,0,0,0,0,0,0,0,0,0,0,0,0,0,0,0,0,0,0,0,0,0,0,0,0,0,0,0,0,0,0,0,0,0,0,0,0,0,0,0,0,0,0,0,0,0,0,0,0,0,0,0,0,0,0,0,0,0,0,0,0,0,0,1,0,0,1,0,0,0,0,0,0,0,0,0,0,0,0,0,0,0,0,0,0,0,0,0,0,0,0,0,0,0,0,0,0,0,0,0,0,0,0,0,0,0,0
Residual Sub Area,4,02B,02B,NORTH,N/A,UNDEVELOPED,2015,,0,0,0,0,0,0,0,0,0,0,0,0,0,0,0,0,0,0,0,0,0,0,0,0,0,0,0,0,0,0,0,0,0,0,0,0,0,0,0,0,0,0,0,0,0,0,0,0,0,0,0,0,0,0,0,0,0,0,0,0,0,0,0,0,0,0,0,0,0,0,0,0,0,0,0,0,0,0,0,0,0,0,0,0,0,0,0,0,0,0,0,0,0,0,0,0,0,0,0,0,0,0,0,0,0,0,0,0,0,0,0,0,0,0,0,0
Residual Sub Area,4,13F,13F,SOUTH,N/A,UNDEVELOPED,2015,,23,11,2,0,0,6,0,0,10,0,0,0,0,0,1,0,0,0,0,0,0,0,0,0,0,0,0,0,0,0,0,0,0,1,0,0,0,0,0,0,0,0,0,0,0,0,0,0,0,0,0,0,0,0,0,0,0,0,0,0,0,0,0,0,0,0,0,0,0,0,0,0,10,6,23,0,0,0,0,5,3,0,1,1,0,0,0,0,0,0,0,0,0,0,0,0,0,0,0,0,0,0,0,0,0,0,0,0,0,0,0,0,0,0,0,0
Residual Sub Area,4,06A,06A,WEST,N/A,UNDEVELOPED,2015,,42,15,0,0,0,11,0,0,14,0,0,0,0,1,0,0,0,0,0,0,0,0,0,0,0,0,0,0,0,0,0,0,0,0,0,0,0,0,0,0,0,0,0,0,0,0,0,0,0,1,0,0,0,0,0,0,0,0,0,0,0,0,0,0,0,0,0,0,0,0,0,0,13,11,42,1,0,0,0,0,4,5,3,1,0,0,0,0,0,0,0,0,0,0,0,0,0,0,0,0,0,0,0,0,0,0,0,0,0,0,0,0,0,0,0,0
Residual Sub Area,4,03W,03W,NORTH,N/A,OTHER,2015,,47,20,3,0,0,9,0,0,19,0,0,0,0,1,0,0,0,0,0,0,0,0,0,0,0,0,0,0,0,0,0,0,0,0,0,0,0,0,0,0,0,0,0,0,0,0,0,1,0,0,0,0,0,0,0,0,0,0,0,0,0,0,0,0,0,0,0,0,0,0,0,1,17,9,47,1,0,0,0,5,5,2,2,3,0,0,0,0,0,0,0,0,0,0,0,0,0,0,0,0,0,0,0,0,0,0,0,0,0,0,0,0,0,0,0,0
Residential,1,COV,COVENTRY HILLS,NORTH,BUILT-OUT,2000s,2015,,17543,5554,1849,0,0,4696,0,0,5094,185,0,0,223,0,52,0,0,0,0,0,0,0,0,0,0,0,0,0,0,0,49,7,96,2,0,1,0,179,124,522,6,0,0,0,0,0,0,0,0,0,0,0,0,0,0,0,0,0,0,0,0,0,0,0,3,219,163,445,0,1,0,2,5041,4402,16480,45,4,2,0,535,1497,1202,1938,316,0,0,0,0,0,0,0,0,0,0,0,0,0,0,0,0,0,0,0,0,0,0,0,0,0,0,0,0,0,0,0,0
Residential,1,CAR,CARRINGTON,NORTH,DEVELOPING,BUILDING OUT,2015,,0,0,0,0,0,0,0,0,0,0,0,0,0,0,0,0,0,0,0,0,0,0,0,0,0,0,0,0,0,0,0,0,0,0,0,0,0,0,0,0,0,0,0,0,0,0,0,0,0,0,0,0,0,0,0,0,0,0,0,0,0,0,0,0,0,0,0,0,0,0,0,0,0,0,0,0,0,0,0,0,0,0,0,0,0,0,0,0,0,0,0,0,0,0,0,0,0,0,0,0,0,0,0,0,0,0,0,0,0,0,0,0,0,0,0,0
Residential,1,LIV,LIVINGSTON,NORTH,DEVELOPING,BUILDING OUT,2015,Y,0,4,0,0,0,0,0,0,4,0,0,0,0,0,0,0,0,0,0,0,0,0,0,0,0,0,0,0,0,0,0,0,0,0,0,0,0,0,0,0,0,0,0,0,0,0,0,0,0,0,0,0,0,0,0,0,0,0,0,0,0,0,0,0,0,0,0,0,0,0,0,0,2,1,0,2,0,0,0,0,0,0,0,0,0,0,0,0,0,0,0,0,0,0,0,0,0,0,0,0,0,0,0,0,0,0,0,0,0,0,0,0,0,0,0,0
Residential,1,ROY,ROYAL OAK,NORTHWEST,BUILT-OUT,2000s,2015,,11749,4082,1315,0,0,3482,0,0,2899,118,0,609,450,0,6,0,0,0,0,0,0,0,1,600,402,995,8,0,0,0,5,0,9,1,0,0,0,117,94,264,1,0,0,0,0,0,0,0,0,0,0,0,0,0,0,0,0,0,0,0,0,0,0,0,1,429,324,977,20,0,0,2,2860,2662,9504,37,0,0,0,616,1137,878,1228,152,0,0,0,0,0,0,0,0,0,0,0,0,0,0,0,0,0,0,0,0,0,0,0,0,0,0,0,0,0,0,0,0
Residual Sub Area,4,01C,01C,WEST,N/A,UNDEVELOPED,2015,,174,4,0,0,0,1,0,0,2,0,0,0,0,0,0,0,0,1,0,1,0,0,0,0,0,0,0,0,0,0,0,0,0,0,0,0,0,0,0,0,0,0,0,0,0,0,0,0,0,0,0,0,0,0,0,0,0,1,1,1,12,0,0,0,0,0,0,0,0,0,0,0,2,0,162,0,0,0,2,1,0,0,0,2,0,0,0,0,0,0,0,0,0,0,0,0,0,0,0,0,0,0,0,0,0,0,0,0,0,0,0,0,0,0,0,0
Residual Sub Area,4,01G,01G,NORTHWEST,N/A,UNDEVELOPED,2015,Y,0,2,0,0,0,0,0,0,1,0,0,0,0,0,1,0,0,0,0,0,0,0,0,0,0,0,0,0,0,0,0,0,0,1,0,0,0,0,0,0,0,0,0,0,0,0,0,0,0,0,0,0,0,0,0,0,0,0,0,0,0,0,0,0,0,0,0,0,0,0,0,0,1,1,0,0,0,0,0,0,0,0,0,0,0,0,0,0,0,0,0,0,0,0,0,0,0,0,0,0,0,0,0,0,0,0,0,0,0,0,0,0,0,0,0,0
Residual Sub Area,4,01I,01I,WEST,N/A,UNDEVELOPED,2015,,0,0,0,0,0,0,0,0,0,0,0,0,0,0,0,0,0,0,0,0,0,0,0,0,0,0,0,0,0,0,0,0,0,0,0,0,0,0,0,0,0,0,0,0,0,0,0,0,0,0,0,0,0,0,0,0,0,0,0,0,0,0,0,0,0,0,0,0,0,0,0,0,0,0,0,0,0,0,0,0,0,0,0,0,0,0,0,0,0,0,0,0,0,0,0,0,0,0,0,0,0,0,0,0,0,0,0,0,0,0,0,0,0,0,0,0
Residential,1,DNE,DOWNTOWN EAST VILLAGE,CENTRE,BUILT-OUT,CENTRE CITY,2015,,2838,1898,63,0,0,173,0,0,0,0,0,1881,14,0,0,1,0,0,0,0,2,0,6,1142,173,1533,76,657,0,0,0,0,0,0,0,0,0,0,0,0,0,0,0,0,0,0,0,0,0,0,0,0,0,0,0,0,0,0,3,0,1305,0,0,0,0,0,0,0,0,14,0,0,0,0,0,0,0,0,3,804,293,38,7,3,0,0,0,0,0,0,0,0,0,0,0,0,0,0,0,0,0,0,0,0,0,0,0,0,0,0,0,0,0,0,0,0
Residential,1,LPK,LINCOLN PARK,WEST,BUILT-OUT,1950s,2015,,2726,1412,123,0,0,442,0,0,0,7,0,960,444,0,0,0,0,0,1,0,0,0,0,937,369,1600,23,0,0,0,0,0,0,0,0,0,0,5,3,9,2,0,0,0,0,0,0,0,0,0,0,0,0,0,0,0,0,0,1,0,50,0,0,0,1,425,70,1067,17,0,1,0,0,0,0,0,0,0,1,605,434,155,158,16,0,0,0,0,0,0,0,0,0,0,0,0,0,0,0,0,0,0,0,0,0,0,0,0,0,0,0,0,0,0,0,0
Residential,1,STR,STRATHCONA PARK,WEST,BUILT-OUT,1980s/1990s,2015,,7089,2445,477,0,0,2208,0,0,1941,224,0,0,273,0,7,0,0,0,0,0,0,0,0,0,0,0,0,0,0,0,5,0,17,0,0,2,0,222,189,497,1,0,1,0,0,0,0,0,0,0,0,0,0,0,0,0,0,0,0,0,0,0,0,0,0,267,195,608,6,0,0,1,1916,1824,5967,22,1,1,0,289,796,465,789,71,0,0,0,0,0,0,0,0,0,0,0,0,0,0,0,0,0,0,0,0,0,0,0,0,0,0,0,0,0,0,0,0
Residential,1,CHR,CHRISTIE PARK,WEST,BUILT-OUT,1980s/1990s,2015,,2162,726,102,0,0,662,0,0,474,94,0,0,156,0,0,0,0,0,2,0,0,0,0,0,0,0,0,0,0,0,0,0,0,0,0,0,0,94,88,177,0,0,0,0,0,0,0,0,0,0,0,0,0,0,0,0,0,0,2,0,215,0,0,0,0,149,125,292,7,0,0,0,466,449,1478,8,0,0,2,100,295,105,187,24,0,0,0,0,0,0,0,0,0,0,0,0,0,0,0,0,0,0,0,0,0,0,0,0,0,0,0,0,0,0,0,0
Residential,1,SPH,SPRINGBANK HILL,WEST,DEVELOPING,BUILDING OUT,2015,,9874,3311,984,0,0,2789,0,0,2533,203,0,513,58,0,3,0,0,0,0,1,0,0,0,497,241,907,16,0,0,0,2,0,3,1,0,0,0,202,194,373,1,0,0,0,0,0,0,0,0,0,0,0,0,0,0,0,0,0,1,0,190,0,0,0,0,57,39,136,1,0,0,2,2465,2315,8265,43,20,3,1,403,940,647,1132,102,0,0,0,0,0,0,0,0,0,0,0,0,0,0,0,0,0,0,0,0,0,0,0,0,0,0,0,0,0,0,0,0
Residential,1,CAN,CANYON MEADOWS,SOUTH,BUILT-OUT,1960s/1970s,2015,,7949,3209,511,0,0,2530,0,0,1956,155,0,333,711,0,54,0,0,0,0,0,0,0,2,323,181,600,8,0,0,0,39,2,77,10,0,5,0,152,68,397,1,0,2,0,0,0,0,0,0,0,0,0,0,0,0,0,0,0,0,0,0,0,0,0,0,691,494,1447,20,0,0,2,1929,1785,5428,21,4,0,0,608,1271,564,613,78,0,0,0,0,0,0,0,0,0,0,0,0,0,0,0,0,0,0,0,0,0,0,0,0,0,0,0,0,0,0,0,0
Residential,1,FAI,FAIRVIEW,SOUTH,BUILT-OUT,1950s,2015,,3830,1616,269,0,0,1038,0,0,1256,0,0,313,0,0,47,0,0,0,0,0,0,0,1,308,0,776,4,0,0,0,37,2,56,5,0,5,0,0,0,0,0,0,0,0,0,0,0,0,0,0,0,0,0,0,0,0,0,0,0,0,0,0,0,0,0,0,0,0,0,0,0,1,1218,1036,2998,34,1,2,0,387,561,291,296,28,0,0,0,0,0,0,0,0,0,0,0,0,0,0,0,0,0,0,0,0,0,0,0,0,0,0,0,0,0,0,0,0
Residential,1,BEL,BEL-AIRE,CENTRE,BUILT-OUT,1960s/1970s,2015,,402,158,14,0,0,142,0,0,158,0,0,0,0,0,0,0,0,0,0,0,0,0,0,0,0,0,0,0,0,0,0,0,0,0,0,0,0,0,0,0,0,0,0,0,0,0,0,0,0,0,0,0,0,0,0,0,0,0,0,0,0,0,0,0,0,0,0,0,0,0,0,0,144,142,402,11,3,0,0,17,53,31,40,3,0,0,0,0,0,0,0,0,0,0,0,0,0,0,0,0,0,0,0,0,0,0,0,0,0,0,0,0,0,0,0,0
Residential,1,HAM,HAMPTONS,NORTHWEST,BUILT-OUT,2000s,2015,,7767,2474,299,0,0,2338,0,0,2099,160,0,0,215,0,0,0,0,0,0,0,0,0,0,0,0,0,0,0,0,0,0,0,0,0,0,0,0,157,153,292,3,0,0,0,0,0,0,0,0,0,0,0,0,0,0,0,0,0,0,0,0,0,0,0,0,211,173,469,4,0,0,1,2082,2012,7006,16,0,0,0,169,752,540,874,115,0,0,0,0,0,0,0,0,0,0,0,0,0,0,0,0,0,0,0,0,0,0,0,0,0,0,0,0,0,0,0,0
Residual Sub Area,4,02L,02L,NORTH,N/A,OTHER,2015,,21,12,2,0,0,6,0,0,10,0,0,0,0,2,0,0,0,0,0,0,0,0,0,0,0,0,0,0,0,0,0,0,0,0,0,0,0,0,0,0,0,0,0,0,1,1,1,0,0,1,0,0,0,0,0,0,0,0,0,0,0,0,0,0,0,0,0,0,0,0,0,0,9,5,20,1,0,0,0,1,7,2,0,0,0,0,0,0,0,0,0,0,0,0,0,0,0,0,0,0,0,0,0,0,0,0,0,0,0,0,0,0,0,0,0,0
Residual Sub Area,4,13A,13A,SOUTH,N/A,UNDEVELOPED,2015,Y,0,3,0,0,0,0,0,0,3,0,0,0,0,0,0,0,0,0,0,0,0,0,0,0,0,0,0,0,0,0,0,0,0,0,0,0,0,0,0,0,0,0,0,0,0,0,0,0,0,0,0,0,0,0,0,0,0,0,0,0,0,0,0,0,0,0,0,0,0,0,0,0,3,1,0,0,0,0,0,0,0,0,0,0,0,0,0,0,0,0,0,0,0,0,0,0,0,0,0,0,0,0,0,0,0,0,0,0,0,0,0,0,0,0,0,0
Residual Sub Area,4,13D,13D,SOUTH,N/A,UNDEVELOPED,2015,Y,0,6,0,0,0,0,0,0,4,0,0,0,0,2,0,0,0,0,0,0,0,0,0,0,0,0,0,0,0,0,0,0,0,0,0,0,0,0,0,0,0,0,0,0,2,1,0,0,0,0,0,0,0,0,0,0,0,0,0,0,0,0,0,0,0,0,0,0,0,0,0,0,3,0,0,1,0,0,0,0,0,0,0,0,0,0,0,0,0,0,0,0,0,0,0,0,0,0,0,0,0,0,0,0,0,0,0,0,0,0,0,0,0,0,0,0
Residual Sub Area,4,12I,12I,SOUTHEAST,N/A,UNDEVELOPED,2015,,0,0,0,0,0,0,0,0,0,0,0,0,0,0,0,0,0,0,0,0,0,0,0,0,0,0,0,0,0,0,0,0,0,0,0,0,0,0,0,0,0,0,0,0,0,0,0,0,0,0,0,0,0,0,0,0,0,0,0,0,0,0,0,0,0,0,0,0,0,0,0,0,0,0,0,0,0,0,0,0,0,0,0,0,0,0,0,0,0,0,0,0,0,0,0,0,0,0,0,0,0,0,0,0,0,0,0,0,0,0,0,0,0,0,0,0
Residual Sub Area,4,01E,01E,WEST,N/A,UNDEVELOPED,2015,,0,0,0,0,0,0,0,0,0,0,0,0,0,0,0,0,0,0,0,0,0,0,0,0,0,0,0,0,0,0,0,0,0,0,0,0,0,0,0,0,0,0,0,0,0,0,0,0,0,0,0,0,0,0,0,0,0,0,0,0,0,0,0,0,0,0,0,0,0,0,0,0,0,0,0,0,0,0,0,0,0,0,0,0,0,0,0,0,0,0,0,0,0,0,0,0,0,0,0,0,0,0,0,0,0,0,0,0,0,0,0,0,0,0,0,0
Residential,1,BRT,BRITANNIA,CENTRE,BUILT-OUT,1950s,2015,,711,311,25,0,0,229,0,0,254,0,0,57,0,0,0,0,0,0,0,0,0,0,1,55,15,87,1,0,0,0,0,0,0,0,0,0,0,0,0,0,0,0,0,0,0,0,0,0,0,0,0,0,0,0,0,0,0,0,0,0,0,0,0,0,0,0,0,0,0,0,0,0,230,214,624,21,3,0,0,62,109,49,61,4,0,0,0,0,0,0,0,0,0,0,0,0,0,0,0,0,0,0,0,0,0,0,0,0,0,0,0,0,0,0,0,0
Residential,1,WHL,WEST HILLHURST,CENTRE,BUILT-OUT,INNER CITY,2015,,6409,3021,575,0,0,1645,0,0,1509,576,28,481,176,0,242,0,7,1,0,0,1,0,6,438,70,580,12,25,0,0,196,13,326,30,0,16,3,537,396,1434,17,17,2,0,0,0,0,0,0,0,0,25,2,42,0,3,3,0,7,2,131,2,0,0,1,162,102,332,1,12,0,6,1393,1060,3564,68,31,11,9,827,965,482,454,30,0,0,0,0,0,0,0,0,0,0,0,0,0,0,0,0,0,0,0,0,0,0,0,0,0,0,0,0,0,0,0,0
Residential,1,RCK,ROSSCARROCK,WEST,BUILT-OUT,1950s,2015,,3447,1644,214,0,0,463,0,0,429,489,0,356,96,0,274,0,0,0,0,0,0,0,0,350,9,632,6,0,0,0,212,6,374,18,1,43,0,464,167,1211,13,10,2,0,0,0,0,0,0,0,0,0,0,0,0,0,0,0,0,0,0,0,0,0,1,95,13,233,0,0,0,1,408,268,997,17,3,0,0,417,597,314,179,22,0,0,0,0,0,0,0,0,0,0,0,0,0,0,0,0,0,0,0,0,0,0,0,0,0,0,0,0,0,0,0,0
Residential,1,KIL,KILLARNEY/GLENGARRY,CENTRE,BUILT-OUT,1950s,2015,,7677,3798,574,0,0,1910,0,0,1344,753,54,544,656,0,444,0,0,2,0,0,1,0,9,525,166,833,10,0,0,4,388,10,642,49,0,3,2,662,469,1711,34,54,1,0,0,0,0,0,0,0,0,46,11,84,4,4,4,0,3,1,53,0,0,0,1,614,393,1281,13,28,0,3,1271,860,3073,50,18,2,3,1035,1446,561,443,24,0,0,0,0,0,0,0,0,0,0,0,0,0,0,0,0,0,0,0,0,0,0,0,0,0,0,0,0,0,0,0,0
Industrial,2,EFV,EAST FAIRVIEW INDUSTRIAL,SOUTH,N/A,EMPLOYMENT,2015,,0,1,0,0,0,0,0,0,0,0,0,0,0,0,0,0,0,0,0,0,1,0,0,0,0,0,0,0,0,0,0,0,0,0,0,0,0,0,0,0,0,0,0,0,0,0,0,0,0,0,0,0,0,0,0,0,0,0,0,0,0,1,0,0,0,0,0,0,0,0,0,0,0,0,0,0,0,0,1,0,0,0,0,0,0,0,0,0,0,0,0,0,0,0,0,0,0,0,0,0,0,0,0,0,0,0,0,0,0,0,0,0,0,0,0,0
Major Park,3,COP,CANADA OLYMPIC PARK,WEST,N/A,OTHER,2015,,0,0,0,0,0,0,0,0,0,0,0,0,0,0,0,0,0,0,0,0,0,0,0,0,0,0,0,0,0,0,0,0,0,0,0,0,0,0,0,0,0,0,0,0,0,0,0,0,0,0,0,0,0,0,0,0,0,0,0,0,0,0,0,0,0,0,0,0,0,0,0,0,0,0,0,0,0,0,0,0,0,0,0,0,0,0,0,0,0,0,0,0,0,0,0,0,0,0,0,0,0,0,0,0,0,0,0,0,0,0,0,0,0,0,0,0
Major Park,3,FPK,FISH CREEK PARK,SOUTH,N/A,PARKS,2015,,0,0,0,0,0,0,0,0,0,0,0,0,0,0,0,0,0,0,0,0,0,0,0,0,0,0,0,0,0,0,0,0,0,0,0,0,0,0,0,0,0,0,0,0,0,0,0,0,0,0,0,0,0,0,0,0,0,0,0,0,0,0,0,0,0,0,0,0,0,0,0,0,0,0,0,0,0,0,0,0,0,0,0,0,0,0,0,0,0,0,0,0,0,0,0,0,0,0,0,0,0,0,0,0,0,0,0,0,0,0,0,0,0,0,0,0
Major Park,3,NPK,NOSE HILL PARK,NORTHWEST,N/A,PARKS,2015,,0,0,0,0,0,0,0,0,0,0,0,0,0,0,0,0,0,0,0,0,0,0,0,0,0,0,0,0,0,0,0,0,0,0,0,0,0,0,0,0,0,0,0,0,0,0,0,0,0,0,0,0,0,0,0,0,0,0,0,0,0,0,0,0,0,0,0,0,0,0,0,0,0,0,0,0,0,0,0,0,0,0,0,0,0,0,0,0,0,0,0,0,0,0,0,0,0,0,0,0,0,0,0,0,0,0,0,0,0,0,0,0,0,0,0,0
Residual Sub Area,4,02C,02C,NORTH,N/A,UNDEVELOPED,2015,,0,0,0,0,0,0,0,0,0,0,0,0,0,0,0,0,0,0,0,0,0,0,0,0,0,0,0,0,0,0,0,0,0,0,0,0,0,0,0,0,0,0,0,0,0,0,0,0,0,0,0,0,0,0,0,0,0,0,0,0,0,0,0,0,0,0,0,0,0,0,0,0,0,0,0,0,0,0,0,0,0,0,0,0,0,0,0,0,0,0,0,0,0,0,0,0,0,0,0,0,0,0,0,0,0,0,0,0,0,0,0,0,0,0,0,0
Residual Sub Area,4,10C,10C,EAST,N/A,UNDEVELOPED,2015,,159,55,6,0,0,45,0,0,55,0,0,0,0,0,0,0,0,0,0,0,0,0,0,0,0,0,0,0,0,0,0,0,0,0,0,0,0,0,0,0,0,0,0,0,0,0,0,0,0,0,0,0,0,0,0,0,0,0,0,0,0,0,0,0,0,0,0,0,0,0,0,0,55,45,159,0,0,0,0,2,27,15,8,3,0,0,0,0,0,0,0,0,0,0,0,0,0,0,0,0,0,0,0,0,0,0,0,0,0,0,0,0,0,0,0,0
Industrial,2,SGL,STONEGATE LANDING,NORTHEAST,N/A,EMPLOYMENT,2015,,0,0,0,0,0,0,0,0,0,0,0,0,0,0,0,0,0,0,0,0,0,0,0,0,0,0,0,0,0,0,0,0,0,0,0,0,0,0,0,0,0,0,0,0,0,0,0,0,0,0,0,0,0,0,0,0,0,0,0,0,0,0,0,0,0,0,0,0,0,0,0,0,0,0,0,0,0,0,0,0,0,0,0,0,0,0,0,0,0,0,0,0,0,0,0,0,0,0,0,0,0,0,0,0,0,0,0,0,0,0,0,0,0,0,0,0
Industrial,2,ST2,STONEY 2,NORTHEAST,N/A,EMPLOYMENT,2015,Y,0,1,0,0,0,0,0,0,0,0,0,0,0,0,0,0,0,0,0,0,1,0,0,0,0,0,0,0,0,0,0,0,0,0,0,0,0,0,0,0,0,0,0,0,0,0,0,0,0,0,0,0,0,0,0,0,0,0,1,0,0,0,0,0,0,0,0,0,0,0,0,0,0,0,0,0,0,0,1,0,0,0,0,0,0,0,0,0,0,0,0,0,0,0,0,0,0,0,0,0,0,0,0,0,0,0,0,0,0,0,0,0,0,0,0,0
Industrial,2,STD,STARFIELD,EAST,N/A,EMPLOYMENT,2015,Y,0,2,0,0,0,0,0,0,2,0,0,0,0,0,0,0,0,0,0,0,0,0,0,0,0,0,0,0,0,0,0,0,0,0,0,0,0,0,0,0,0,0,0,0,0,0,0,0,0,0,0,0,0,0,0,0,0,0,0,0,0,0,0,0,0,0,0,0,0,0,0,0,1,1,0,1,0,0,0,0,0,0,0,0,0,0,0,0,0,0,0,0,0,0,0,0,0,0,0,0,0,0,0,0,0,0,0,0,0,0,0,0,0,0,0,0
Residential,1,SOV,SOUTHVIEW,EAST,BUILT-OUT,1950s,2015,,1874,831,108,0,0,435,0,0,585,25,46,14,54,0,106,0,0,0,1,0,0,0,0,11,0,22,3,0,0,2,89,0,146,9,0,6,2,22,5,57,1,0,0,0,0,0,0,0,0,0,0,44,1,57,2,0,0,0,1,0,54,0,0,0,0,52,0,124,2,0,0,1,568,429,1414,15,1,0,1,227,298,121,124,17,0,0,0,0,0,0,0,0,0,0,0,0,0,0,0,0,0,0,0,0,0,0,0,0,0,0,0,0,0,0,0,0
Residential,1,CFC,CFB - CURRIE,WEST,BUILT-OUT,BUILDING OUT,2015,,502,280,87,0,0,162,0,0,121,0,0,63,90,0,5,0,0,1,0,0,0,0,0,0,0,0,0,63,0,0,3,1,8,2,0,0,0,0,0,0,0,0,0,0,0,0,0,0,0,0,0,0,0,0,0,0,0,0,1,0,1,0,0,0,0,58,56,142,2,30,0,1,107,105,351,1,12,0,1,22,48,37,57,5,0,0,0,0,0,0,0,0,0,0,0,0,0,0,0,0,0,0,0,0,0,0,0,0,0,0,0,0,0,0,0,0
Residential,1,LMR,LOWER MOUNT ROYAL,CENTRE,BUILT-OUT,INNER CITY,2015,,3480,2403,138,0,0,754,0,0,51,20,4,2195,100,0,30,0,0,0,1,0,2,0,8,2039,645,3002,101,47,0,1,23,1,32,5,0,1,0,18,17,38,0,2,0,0,0,0,0,0,0,0,0,4,3,8,0,0,0,0,3,0,106,0,0,0,0,93,63,181,7,0,0,1,48,25,113,2,0,0,3,1269,819,98,35,7,0,0,0,0,0,0,0,0,0,0,0,0,0,0,0,0,0,0,0,0,0,0,0,0,0,0,0,0,0,0,0,0
Residential,1,SSD,SUNNYSIDE,CENTRE,BUILT-OUT,INNER CITY,2015,,3852,2586,152,0,0,739,0,0,507,44,18,1739,179,0,94,0,3,0,0,0,2,0,1,1505,326,2213,54,179,0,0,60,2,86,23,0,11,0,43,28,97,1,0,0,0,0,0,0,0,0,0,0,13,7,22,5,0,0,0,4,0,8,1,0,0,0,170,75,364,8,1,0,0,475,301,1062,29,1,2,5,1093,909,165,97,6,0,0,0,0,0,0,0,0,0,0,0,0,0,0,0,0,0,0,0,0,0,0,0,0,0,0,0,0,0,0,0,0
Residential,1,CAP,CAPITOL HILL,CENTRE,BUILT-OUT,1950s,2015,,4465,2315,328,0,0,844,0,0,894,531,4,424,46,0,414,0,0,0,1,1,0,0,1,392,19,565,31,0,0,3,312,16,517,81,0,18,0,491,264,1275,19,21,0,0,0,0,0,0,0,0,0,3,3,5,1,0,0,0,2,1,61,0,0,0,0,44,22,104,2,0,0,6,839,519,1938,35,12,2,2,701,795,321,243,23,0,0,0,0,0,0,0,0,0,0,0,0,0,0,0,0,0,0,0,0,0,0,0,0,0,0,0,0,0,0,0,0
Residential,1,BNK,BANKVIEW,CENTRE,BUILT-OUT,INNER CITY,2015,,5516,3534,365,0,0,905,0,0,514,86,40,2445,232,0,213,1,3,0,0,0,0,0,24,2322,448,3524,99,0,0,4,172,14,259,33,1,3,0,74,27,155,11,1,0,0,0,0,0,0,0,0,0,35,4,61,5,0,0,3,1,1,8,0,0,0,1,206,109,406,21,4,0,2,475,302,1103,28,8,1,4,1652,1225,264,134,10,0,0,0,0,0,0,0,0,0,0,0,0,0,0,0,0,0,0,0,0,0,0,0,0,0,0,0,0,0,0,0,0
Residential,1,NHU,NORTH HAVEN UPPER,NORTH,BUILT-OUT,1960s/1970s,2015,,624,246,31,0,0,230,0,0,245,0,0,0,0,0,1,0,0,0,0,0,0,0,0,0,0,0,0,0,0,0,1,0,1,0,0,0,0,0,0,0,0,0,0,0,0,0,0,0,0,0,0,0,0,0,0,0,0,0,0,0,0,0,0,0,0,0,0,0,0,0,0,0,242,230,623,3,0,0,0,42,92,55,50,4,0,0,0,0,0,0,0,0,0,0,0,0,0,0,0,0,0,0,0,0,0,0,0,0,0,0,0,0,0,0,0,0
Residential,1,ING,INGLEWOOD,CENTRE,BUILT-OUT,INNER CITY,2015,,3935,2342,309,0,0,1187,0,0,842,137,4,851,330,0,151,1,20,4,0,1,1,0,5,683,239,920,90,73,0,1,116,18,155,16,0,18,0,129,66,320,5,2,1,0,0,0,0,0,0,0,0,4,0,12,0,0,0,2,24,11,78,1,0,0,0,318,247,648,12,0,0,7,806,606,1802,25,3,1,27,895,792,216,159,18,0,0,0,0,0,0,0,0,0,0,0,0,0,0,0,0,0,0,0,0,0,0,0,0,0,0,0,0,0,0,0,0
Residential,1,EAG,EAGLE RIDGE,SOUTH,BUILT-OUT,1960s/1970s,2015,,534,110,7,0,0,97,0,0,98,0,0,10,0,0,0,0,0,0,2,0,0,0,0,9,9,14,1,0,0,0,0,0,0,0,0,0,0,0,0,0,0,0,0,0,0,0,0,0,0,0,0,0,0,0,0,0,0,0,2,0,262,0,0,0,0,0,0,0,0,0,0,0,89,88,258,7,2,0,2,12,42,14,27,5,0,0,0,0,0,0,0,0,0,0,0,0,0,0,0,0,0,0,0,0,0,0,0,0,0,0,0,0,0,0,0,0
Residual Sub Area,4,01F,01F,NORTHWEST,BUILT-OUT,2000s,2015,,332,100,23,0,0,100,0,0,100,0,0,0,0,0,0,0,0,0,0,0,0,0,0,0,0,0,0,0,0,0,0,0,0,0,0,0,0,0,0,0,0,0,0,0,0,0,0,0,0,0,0,0,0,0,0,0,0,0,0,0,0,0,0,0,0,0,0,0,0,0,0,0,100,100,332,0,0,0,0,3,36,16,39,6,0,0,0,0,0,0,0,0,0,0,0,0,0,0,0,0,0,0,0,0,0,0,0,0,0,0,0,0,0,0,0,0
Residual Sub Area,4,05B,05B,NORTHEAST,N/A,OTHER,2015,Y,0,3,0,0,0,0,0,0,3,0,0,0,0,0,0,0,0,0,0,0,0,0,0,0,0,0,0,0,0,0,0,0,0,0,0,0,0,0,0,0,0,0,0,0,0,0,0,0,0,0,0,0,0,0,0,0,0,0,0,0,0,0,0,0,0,0,0,0,0,0,0,0,3,2,0,0,0,0,0,0,0,0,0,0,0,0,0,0,0,0,0,0,0,0,0,0,0,0,0,0,0,0,0,0,0,0,0,0,0,0,0,0,0,0,0,0
Residential,1,EDG,EDGEMONT,NORTHWEST,BUILT-OUT,1980s/1990s,2015,,15986,5424,795,0,0,4670,0,0,4403,256,0,291,453,0,20,0,0,0,1,0,0,0,1,277,79,586,13,0,0,0,16,3,32,2,0,2,0,252,165,644,4,0,0,0,0,0,0,0,0,0,0,0,0,0,0,0,0,0,1,0,146,0,0,0,0,447,317,1073,6,0,0,0,4358,4106,13505,42,1,2,1,513,1897,1182,1546,213,0,0,0,0,0,0,0,0,0,0,0,0,0,0,0,0,0,0,0,0,0,0,0,0,0,0,0,0,0,0,0,0
Residential,1,RED,RED CARPET,EAST,BUILT-OUT,1960s/1970s,2015,,1668,916,72,0,0,690,0,0,0,0,0,400,0,516,0,0,0,0,0,0,0,0,0,389,251,649,11,0,0,0,0,0,0,0,0,0,0,0,0,0,0,0,0,1,495,439,1019,20,0,0,0,0,0,0,0,0,0,0,0,0,0,0,0,0,0,0,0,0,0,0,0,0,0,0,0,0,0,0,0,346,363,122,49,4,0,0,0,0,0,0,0,0,0,0,0,0,0,0,0,0,0,0,0,0,0,0,0,0,0,0,0,0,0,0,0,0
Residential,1,BED,BEDDINGTON HEIGHTS,NORTH,BUILT-OUT,1960s/1970s,2015,,11973,4383,967,0,0,3050,0,0,2600,922,6,37,640,0,178,0,0,0,0,0,0,0,0,33,12,60,4,0,0,1,143,7,309,20,0,14,1,913,557,2499,8,0,0,0,0,0,0,0,0,0,0,5,1,13,1,0,0,0,0,0,0,0,0,0,0,630,334,1690,10,0,0,1,2559,2139,7402,38,0,2,0,684,1452,955,1013,179,0,0,0,0,0,0,0,0,0,0,0,0,0,0,0,0,0,0,0,0,0,0,0,0,0,0,0,0,0,0,0,0
Residential,1,UNI,UNIVERSITY HEIGHTS,NORTHWEST,BUILT-OUT,1960s/1970s,2015,,3020,1373,196,0,0,395,0,0,431,40,0,874,12,0,15,0,0,1,0,0,0,0,4,845,8,1674,25,0,0,0,10,0,28,5,0,0,0,36,4,114,4,0,0,0,0,0,0,0,0,0,0,0,0,0,0,0,0,0,1,0,2,0,0,0,0,11,0,39,1,0,0,0,419,383,1163,10,2,0,1,346,560,204,193,19,0,0,0,0,0,0,0,0,0,0,0,0,0,0,0,0,0,0,0,0,0,0,0,0,0,0,0,0,0,0,0,0
Residential,1,PAT,PATTERSON,WEST,BUILT-OUT,1980s/1990s,2015,,4308,2035,205,0,0,1511,0,0,574,169,0,668,624,0,0,0,0,0,0,0,0,0,1,647,333,1125,20,0,0,0,0,0,0,0,0,0,0,163,138,337,6,0,0,0,0,0,0,0,0,0,0,0,0,0,0,0,0,0,0,0,0,0,0,0,0,613,529,1184,11,0,0,0,539,511,1662,13,22,0,0,627,765,257,290,23,0,0,0,0,0,0,0,0,0,0,0,0,0,0,0,0,0,0,0,0,0,0,0,0,0,0,0,0,0,0,0,0
Residential,1,SOC,SOUTH CALGARY,CENTRE,BUILT-OUT,INNER CITY,2015,,3954,2346,229,0,0,1059,0,0,628,284,119,854,329,0,114,1,15,1,0,1,0,0,0,771,293,1173,68,15,0,2,79,4,126,20,3,10,0,262,195,599,14,6,2,0,0,0,0,0,0,0,0,109,34,184,6,4,4,0,17,0,74,1,0,0,0,288,129,508,17,24,0,10,558,404,1290,44,15,1,18,837,868,231,138,10,0,0,0,0,0,0,0,0,0,0,0,0,0,0,0,0,0,0,0,0,0,0,0,0,0,0,0,0,0,0,0,0
Residential,1,RID,RIDEAU PARK,CENTRE,BUILT-OUT,INNER CITY,2015,,623,371,20,0,0,230,0,0,128,0,0,218,23,0,2,0,0,0,0,0,0,0,6,161,105,239,13,1,37,0,1,0,2,0,0,1,0,0,0,0,0,0,0,0,0,0,0,0,0,0,0,0,0,0,0,0,0,0,0,0,0,0,0,0,0,19,17,34,4,0,0,0,120,108,348,6,2,0,0,115,109,36,38,3,0,0,0,0,0,0,0,0,0,0,0,0,0,0,0,0,0,0,0,0,0,0,0,0,0,0,0,0,0,0,0,0
Residential,1,SIG,SIGNAL HILL,WEST,BUILT-OUT,1980s/1990s,2015,,13613,5252,703,0,0,4620,0,0,3405,372,0,1083,387,0,4,0,0,0,1,0,0,0,0,1022,810,1510,61,0,0,0,3,1,7,1,0,0,0,352,323,654,16,1,3,0,0,0,0,0,0,0,0,0,0,0,0,0,0,0,1,0,52,0,0,0,0,371,296,756,15,0,1,1,3354,3190,10634,46,2,2,1,1105,1697,858,1288,155,0,0,0,0,0,0,0,0,0,0,0,0,0,0,0,0,0,0,0,0,0,0,0,0,0,0,0,0,0,0,0,0
Residential,1,CAM,CAMBRIAN HEIGHTS,CENTRE,BUILT-OUT,1950s,2015,,2150,930,172,0,0,543,0,0,607,137,36,16,56,0,77,0,0,1,0,0,0,0,0,13,0,16,3,0,0,0,60,2,94,4,0,13,0,127,46,299,8,0,2,0,0,0,0,0,0,0,0,34,0,44,2,0,0,0,1,1,4,0,0,0,0,52,0,140,4,0,0,1,591,494,1553,11,2,2,1,209,317,167,173,12,0,0,0,0,0,0,0,0,0,0,0,0,0,0,0,0,0,0,0,0,0,0,0,0,0,0,0,0,0,0,0,0
Industrial,2,NAW,NORTH AIRWAYS,NORTHEAST,N/A,EMPLOYMENT,2015,,15,3,0,0,0,0,0,0,0,0,0,0,0,0,0,0,0,0,0,0,3,0,0,0,0,0,0,0,0,0,0,0,0,0,0,0,0,0,0,0,0,0,0,0,0,0,0,0,0,0,0,0,0,0,0,0,0,0,2,0,15,1,0,0,0,0,0,0,0,0,0,0,0,0,0,0,0,0,3,0,0,0,1,1,0,0,0,0,0,0,0,0,0,0,0,0,0,0,0,0,0,0,0,0,0,0,0,0,0,0,0,0,0,0,0,0
Industrial,2,GPI,GREAT PLAINS,EAST,N/A,EMPLOYMENT,2015,,0,0,0,0,0,0,0,0,0,0,0,0,0,0,0,0,0,0,0,0,0,0,0,0,0,0,0,0,0,0,0,0,0,0,0,0,0,0,0,0,0,0,0,0,0,0,0,0,0,0,0,0,0,0,0,0,0,0,0,0,0,0,0,0,0,0,0,0,0,0,0,0,0,0,0,0,0,0,0,0,0,0,0,0,0,0,0,0,0,0,0,0,0,0,0,0,0,0,0,0,0,0,0,0,0,0,0,0,0,0,0,0,0,0,0,0
Industrial,2,SRI,SADDLE RIDGE INDUSTRIAL,NORTHEAST,N/A,EMPLOYMENT,2015,,17,19,2,0,0,5,0,0,16,0,0,0,0,0,3,0,0,0,0,0,0,0,0,0,0,0,0,0,0,0,2,0,2,1,0,0,0,0,0,0,0,0,0,0,0,0,0,0,0,0,0,0,0,0,0,0,0,0,0,0,0,0,0,0,0,0,0,0,0,0,0,1,6,5,15,9,0,0,0,4,1,1,2,0,0,0,0,0,0,0,0,0,0,0,0,0,0,0,0,0,0,0,0,0,0,0,0,0,0,0,0,0,0,0,0,0
Residential,1,DRN,DEER RUN,SOUTH,BUILT-OUT,1980s/1990s,2015,,5319,2114,352,0,0,1627,0,0,1562,117,0,216,206,0,13,0,0,0,0,0,0,0,0,208,1,350,8,0,0,0,10,1,17,2,0,1,0,116,88,328,1,0,0,0,0,0,0,0,0,0,0,0,0,0,0,0,0,0,0,0,0,0,0,0,0,203,86,397,3,0,0,0,1550,1451,4227,11,0,1,0,385,859,369,427,47,0,0,0,0,0,0,0,0,0,0,0,0,0,0,0,0,0,0,0,0,0,0,0,0,0,0,0,0,0,0,0,0
Residential,1,BYV,BAYVIEW,SOUTH,BUILT-OUT,1960s/1970s,2015,,648,248,24,0,0,237,0,0,212,0,0,0,36,0,0,0,0,0,0,0,0,0,0,0,0,0,0,0,0,0,0,0,0,0,0,0,0,0,0,0,0,0,0,0,0,0,0,0,0,0,0,0,0,0,0,0,0,0,0,0,0,0,0,0,0,35,35,53,1,0,0,0,205,202,595,7,0,0,0,37,98,40,56,9,0,0,0,0,0,0,0,0,0,0,0,0,0,0,0,0,0,0,0,0,0,0,0,0,0,0,0,0,0,0,0,0
Residential,1,WLD,WILDWOOD,WEST,BUILT-OUT,1950s,2015,,2679,1059,219,0,0,900,0,0,1026,17,0,0,0,0,15,0,0,1,0,0,0,0,0,0,0,0,0,0,0,0,12,1,20,2,0,1,0,15,4,33,1,0,1,0,0,0,0,0,0,0,0,0,0,0,0,0,0,0,1,1,4,0,0,0,0,0,0,0,0,0,0,0,998,894,2622,24,4,0,1,204,354,192,262,14,0,0,0,0,0,0,0,0,0,0,0,0,0,0,0,0,0,0,0,0,0,0,0,0,0,0,0,0,0,0,0,0
Residential,1,MLR,MILLRISE,SOUTH,BUILT-OUT,1980s/1990s,2015,,7041,2643,469,0,0,2083,0,0,1705,106,0,533,272,0,25,0,0,1,1,0,0,0,0,514,327,809,19,0,0,0,24,2,52,1,0,0,0,106,91,205,0,0,0,0,0,0,0,0,0,0,0,0,0,0,0,0,0,1,1,0,175,0,0,0,0,262,164,633,10,0,0,0,1693,1499,5167,12,0,0,2,552,859,507,605,77,0,0,0,0,0,0,0,0,0,0,0,0,0,0,0,0,0,0,0,0,0,0,0,0,0,0,0,0,0,0,0,0
Residential,1,REN,RENFREW,CENTRE,BUILT-OUT,INNER CITY,2015,,6550,3430,528,0,0,1767,0,0,1453,240,3,866,474,0,388,0,4,1,1,0,0,0,3,826,332,1334,14,22,1,4,314,7,466,54,0,16,0,209,130,535,11,20,0,0,0,0,0,0,0,0,0,3,1,7,0,0,0,1,5,0,19,0,0,0,0,461,321,934,12,1,0,3,1372,976,3255,57,20,1,6,1081,1340,418,324,27,0,0,0,0,0,0,0,0,0,0,0,0,0,0,0,0,0,0,0,0,0,0,0,0,0,0,0,0,0,0,0,0
Residential,1,ACA,ACADIA,SOUTH,BUILT-OUT,1960s/1970s,2015,,11053,5030,689,0,0,2689,0,0,2282,132,0,2025,384,93,107,0,0,4,1,0,2,0,4,1953,363,3693,67,0,1,1,83,5,135,21,0,2,0,132,82,328,0,0,0,0,80,74,124,12,0,1,0,0,0,0,0,0,0,0,5,2,255,2,0,0,0,374,250,971,10,0,0,2,2243,1913,5547,27,1,9,7,1534,1796,818,650,72,0,0,0,0,0,0,0,0,0,0,0,0,0,0,0,0,0,0,0,0,0,0,0,0,0,0,0,0,0,0,0,0
Residential,1,COU,COUNTRY HILLS,NORTH,BUILT-OUT,1980s/1990s,2015,,3835,1427,332,0,0,1175,0,0,979,0,0,200,244,0,4,0,0,0,0,0,0,0,0,200,167,309,0,0,0,0,4,0,4,0,0,0,0,0,0,0,0,0,0,0,0,0,0,0,0,0,0,0,0,0,0,0,0,0,0,0,0,0,0,0,0,240,179,558,4,0,0,0,974,829,2964,5,0,0,0,288,473,240,369,47,0,0,0,0,0,0,0,0,0,0,0,0,0,0,0,0,0,0,0,0,0,0,0,0,0,0,0,0,0,0,0,0
Residential,1,BDO,BONAVISTA DOWNS,SOUTH,BUILT-OUT,1960s/1970s,2015,,971,375,63,0,0,317,0,0,368,0,0,0,0,0,7,0,0,0,0,0,0,0,0,0,0,0,0,0,0,0,7,1,13,0,0,0,0,0,0,0,0,0,0,0,0,0,0,0,0,0,0,0,0,0,0,0,0,0,0,0,0,0,0,0,0,0,0,0,0,0,0,0,362,316,958,6,0,0,0,48,151,95,67,8,0,0,0,0,0,0,0,0,0,0,0,0,0,0,0,0,0,0,0,0,0,0,0,0,0,0,0,0,0,0,0,0
Residual Sub Area,4,10A,10A,EAST,N/A,OTHER,2015,,665,319,34,0,0,271,0,0,16,0,0,0,0,303,0,0,0,0,0,0,0,0,0,0,0,0,0,0,0,0,0,0,0,0,0,0,0,0,0,0,0,0,0,0,297,262,628,6,0,0,0,0,0,0,0,0,0,0,0,0,0,0,0,0,0,0,0,0,0,0,0,2,12,9,37,2,0,0,0,86,135,52,35,1,0,0,0,0,0,0,0,0,0,0,0,0,0,0,0,0,0,0,0,0,0,0,0,0,0,0,0,0,0,0,0,0
Residential,1,RSN,REDSTONE,NORTHEAST,DEVELOPING,BUILDING OUT,2015,,1944,722,275,0,0,564,0,0,342,149,0,0,230,0,1,0,0,0,0,0,0,0,0,0,0,0,0,0,0,0,1,0,3,0,0,0,2,134,131,429,1,12,0,0,0,0,0,0,0,0,0,0,0,0,0,0,0,0,0,0,0,0,0,0,4,132,123,296,8,86,0,1,321,310,1216,2,18,0,0,45,160,137,194,52,0,0,0,0,0,0,0,0,0,0,0,0,0,0,0,0,0,0,0,0,0,0,0,0,0,0,0,0,0,0,0,0
Residential,1,SHW,SHERWOOD,NORTH,DEVELOPING,2000s,2015,,4200,1409,397,0,0,1030,0,0,1108,0,0,257,35,1,8,0,0,0,0,0,0,0,0,243,88,449,14,0,0,0,8,0,14,0,0,0,0,0,0,0,0,0,0,1,0,0,0,0,0,0,0,0,0,0,0,0,0,0,0,0,0,0,0,0,0,1,0,2,1,33,0,4,997,942,3735,9,98,0,0,142,262,241,503,101,0,0,0,0,0,0,0,0,0,0,0,0,0,0,0,0,0,0,0,0,0,0,0,0,0,0,0,0,0,0,0,0
Residential,1,COR,CORAL SPRINGS,NORTHEAST,BUILT-OUT,2000s,2015,,5853,1545,282,0,0,1363,0,0,1437,1,0,0,36,0,71,0,0,0,0,0,0,0,0,0,0,0,0,0,0,0,57,3,135,12,0,2,0,1,1,1,0,0,0,0,0,0,0,0,0,0,0,0,0,0,0,0,0,0,0,0,0,0,0,0,0,36,24,75,0,0,0,0,1424,1335,5642,13,0,0,0,70,260,345,615,228,0,0,0,0,0,0,0,0,0,0,0,0,0,0,0,0,0,0,0,0,0,0,0,0,0,0,0,0,0,0,0,0
Residential,1,CRA,CRANSTON,SOUTHEAST,DEVELOPING,BUILDING OUT,2015,,17185,6182,2126,0,0,5295,0,0,4777,348,12,506,532,0,7,0,0,0,0,0,0,0,0,436,318,734,23,47,0,0,7,2,11,0,0,0,0,337,301,818,8,3,0,0,0,0,0,0,0,0,0,12,3,31,0,0,0,0,0,0,0,0,0,0,0,447,360,986,23,62,0,0,4644,4311,14605,66,67,0,0,696,1921,1308,1780,178,0,0,0,0,0,0,0,0,0,0,0,0,0,0,0,0,0,0,0,0,0,0,0,0,0,0,0,0,0,0,0,0
Residential,1,EAU,EAU CLAIRE,CENTRE,BUILT-OUT,CENTRE CITY,2015,,1683,1321,60,0,0,619,0,0,1,0,0,1296,23,0,0,0,0,0,0,0,1,0,6,991,604,1621,291,0,8,0,0,0,0,0,0,0,0,0,0,0,0,0,0,0,0,0,0,0,0,0,0,0,0,0,0,0,0,0,1,0,8,0,0,0,0,20,15,51,3,0,0,0,1,0,3,0,0,0,1,476,434,81,21,1,0,0,0,0,0,0,0,0,0,0,0,0,0,0,0,0,0,0,0,0,0,0,0,0,0,0,0,0,0,0,0,0
Residential,1,MCK,MCKENZIE LAKE,SOUTHEAST,BUILT-OUT,1980s/1990s,2015,,14008,4657,898,0,0,4174,0,0,4237,24,0,0,379,0,17,0,0,0,0,0,0,0,0,0,0,0,0,0,0,0,12,2,32,5,0,0,0,23,19,55,1,0,0,0,0,0,0,0,0,0,0,0,0,0,0,0,0,0,0,0,0,0,0,0,0,374,216,932,5,0,0,2,4192,3937,12989,42,0,1,0,443,1445,947,1618,147,0,0,0,0,0,0,0,0,0,0,0,0,0,0,0,0,0,0,0,0,0,0,0,0,0,0,0,0,0,0,0,0
Residential,1,MIS,MISSION,CENTRE,BUILT-OUT,INNER CITY,2015,,4494,3395,40,0,0,922,0,0,73,2,0,3194,56,0,58,0,7,1,3,1,0,0,7,2846,863,4049,174,165,2,0,46,2,60,12,0,0,0,2,0,2,0,0,0,0,0,0,0,0,0,0,0,0,0,0,0,0,0,1,11,1,194,0,0,0,1,37,29,68,10,8,0,3,65,27,121,4,0,1,12,1814,1095,74,20,4,0,0,0,0,0,0,0,0,0,0,0,0,0,0,0,0,0,0,0,0,0,0,0,0,0,0,0,0,0,0,0,0
Residential,1,GBK,GLENBROOK,WEST,BUILT-OUT,1950s,2015,,7599,3312,609,0,0,1622,0,0,906,695,2,764,721,0,221,0,0,0,1,0,2,0,1,703,198,1202,17,43,0,1,185,13,312,26,1,8,0,661,291,1711,25,8,1,0,0,0,0,0,0,0,0,2,0,5,0,0,0,0,3,0,39,0,0,0,0,680,442,2039,24,17,0,0,862,678,2291,32,11,1,3,877,997,511,652,59,0,0,0,0,0,0,0,0,0,0,0,0,0,0,0,0,0,0,0,0,0,0,0,0,0,0,0,0,0,0,0,0
Residential,1,TUX,TUXEDO PARK,CENTRE,BUILT-OUT,INNER CITY,2015,,5119,2728,350,0,0,1121,0,0,1061,458,31,610,238,0,310,2,15,2,0,0,1,0,4,549,134,783,32,25,0,2,265,9,446,36,2,5,1,418,264,1100,28,11,0,0,0,0,0,0,0,0,0,24,7,49,3,4,4,8,10,0,43,2,0,0,0,227,74,488,10,0,1,15,955,633,2210,79,11,1,20,855,933,378,258,24,0,0,0,0,0,0,0,0,0,0,0,0,0,0,0,0,0,0,0,0,0,0,0,0,0,0,0,0,0,0,0,0
Residential,1,EPK,ELBOW PARK,CENTRE,BUILT-OUT,INNER CITY,2015,,3304,1203,216,0,0,999,0,0,1189,2,0,0,0,0,12,0,0,0,0,0,0,0,0,0,0,0,0,0,0,0,7,2,10,5,0,0,0,1,1,2,1,0,0,0,0,0,0,0,0,0,0,0,0,0,0,0,0,0,0,0,0,0,0,0,0,0,0,0,0,0,0,0,1085,996,3292,63,18,23,0,108,378,185,388,34,0,0,0,0,0,0,0,0,0,0,0,0,0,0,0,0,0,0,0,0,0,0,0,0,0,0,0,0,0,0,0,0
Industrial,2,HOR,HORIZON,NORTHEAST,N/A,EMPLOYMENT,2015,,45,5,0,0,0,0,0,0,0,0,0,0,0,0,0,0,0,0,0,0,5,0,0,0,0,0,0,0,0,0,0,0,0,0,0,0,0,0,0,0,0,0,0,0,0,0,0,0,0,0,0,0,0,0,0,0,0,0,3,0,45,2,0,0,0,0,0,0,0,0,0,0,0,0,0,0,0,0,5,0,0,0,0,3,0,0,0,0,0,0,0,0,0,0,0,0,0,0,0,0,0,0,0,0,0,0,0,0,0,0,0,0,0,0,0,0
Residential,1,EVN,EVANSTON,NORTH,DEVELOPING,BUILDING OUT,2015,,12883,4616,1783,0,0,3686,0,0,3567,275,0,67,691,0,11,0,0,1,4,0,0,0,0,67,64,89,0,0,0,0,10,1,27,1,0,0,7,212,194,661,19,37,0,0,0,0,0,0,0,0,0,0,0,0,0,0,0,0,4,1,333,0,1,0,4,427,331,888,9,251,0,22,3337,3095,10885,41,167,0,5,423,1218,856,1358,202,0,0,0,0,0,0,0,0,0,0,0,0,0,0,0,0,0,0,0,0,0,0,0,0,0,0,0,0,0,0,0,0
Residential,1,PAN,PANORAMA HILLS,NORTH,DEVELOPING,BUILDING OUT,2015,,25990,8152,2724,0,0,6642,0,0,5411,611,96,1170,804,0,59,0,1,0,0,0,0,0,1,1144,664,2100,25,0,0,0,43,4,126,10,0,6,0,602,487,1657,9,0,0,0,0,0,0,0,0,0,0,92,22,194,4,0,0,0,1,0,2,0,0,0,2,737,430,1905,37,28,0,0,5349,5035,20006,50,11,1,1,950,1872,1590,2994,562,0,0,0,0,0,0,0,0,0,0,0,0,0,0,0,0,0,0,0,0,0,0,0,0,0,0,0,0,0,0,0,0
Residual Sub Area,4,03D,03D,NORTH,N/A,OTHER,2015,,0,0,0,0,0,0,0,0,0,0,0,0,0,0,0,0,0,0,0,0,0,0,0,0,0,0,0,0,0,0,0,0,0,0,0,0,0,0,0,0,0,0,0,0,0,0,0,0,0,0,0,0,0,0,0,0,0,0,0,0,0,0,0,0,0,0,0,0,0,0,0,0,0,0,0,0,0,0,0,0,0,0,0,0,0,0,0,0,0,0,0,0,0,0,0,0,0,0,0,0,0,0,0,0,0,0,0,0,0,0,0,0,0,0,0,0
Major Park,3,GPK,GLENMORE PARK,SOUTH,N/A,PARKS,2015,Y,0,3,0,0,0,0,0,0,3,0,0,0,0,0,0,0,0,0,0,0,0,0,0,0,0,0,0,0,0,0,0,0,0,0,0,0,0,0,0,0,0,0,0,0,0,0,0,0,0,0,0,0,0,0,0,0,0,0,0,0,0,0,0,0,0,0,0,0,0,0,0,0,3,2,0,0,0,0,0,0,0,0,0,0,0,0,0,0,0,0,0,0,0,0,0,0,0,0,0,0,0,0,0,0,0,0,0,0,0,0,0,0,0,0,0,0
Residual Sub Area,4,09D,09D,CENTRE,N/A,OTHER,2015,,0,0,0,0,0,0,0,0,0,0,0,0,0,0,0,0,0,0,0,0,0,0,0,0,0,0,0,0,0,0,0,0,0,0,0,0,0,0,0,0,0,0,0,0,0,0,0,0,0,0,0,0,0,0,0,0,0,0,0,0,0,0,0,0,0,0,0,0,0,0,0,0,0,0,0,0,0,0,0,0,0,0,0,0,0,0,0,0,0,0,0,0,0,0,0,0,0,0,0,0,0,0,0,0,0,0,0,0,0,0,0,0,0,0,0,0
Residential,1,GRV,GREENVIEW,CENTRE,BUILT-OUT,1960s/1970s,2015,,2113,1123,181,0,0,414,0,0,207,30,0,511,309,0,66,0,0,0,0,0,0,0,2,485,120,810,24,0,0,0,47,1,78,11,0,8,0,29,6,73,1,0,0,0,0,0,0,0,0,0,0,0,0,0,0,0,0,0,0,0,0,0,0,0,0,295,142,709,8,0,6,0,201,145,443,6,0,0,0,405,407,141,90,14,0,0,0,0,0,0,0,0,0,0,0,0,0,0,0,0,0,0,0,0,0,0,0,0,0,0,0,0,0,0,0,0
Industrial,2,GRI,GREENVIEW INDUSTRIAL PARK,CENTRE,N/A,EMPLOYMENT,2015,,130,5,0,0,0,0,0,0,3,0,0,0,0,0,0,0,0,0,1,0,1,0,0,0,0,0,0,0,0,0,0,0,0,0,0,0,0,0,0,0,0,0,0,0,0,0,0,0,0,0,0,0,0,0,0,0,0,0,2,0,129,0,0,0,0,0,0,0,0,0,0,1,1,0,1,1,0,0,2,1,0,0,0,2,0,0,0,0,0,0,0,0,0,0,0,0,0,0,0,0,0,0,0,0,0,0,0,0,0,0,0,0,0,0,0,0
Residential,1,STA,ST. ANDREWS HEIGHTS,CENTRE,BUILT-OUT,1950s,2015,,1763,645,95,0,0,358,0,0,403,0,0,108,132,0,0,0,0,0,1,1,0,0,0,103,0,176,5,0,0,0,0,0,0,0,0,0,0,0,0,0,0,0,0,0,0,0,0,0,0,0,0,0,0,0,0,0,0,0,2,0,331,0,0,0,0,121,37,232,11,0,0,0,376,321,1024,21,6,0,2,138,250,93,111,10,0,0,0,0,0,0,0,0,0,0,0,0,0,0,0,0,0,0,0,0,0,0,0,0,0,0,0,0,0,0,0,0
Residential,1,UND,UNIVERSITY DISTRICT,NORTHWEST,BUILT-OUT,2000s,2015,,0,0,0,0,0,0,0,0,0,0,0,0,0,0,0,0,0,0,0,0,0,0,0,0,0,0,0,0,0,0,0,0,0,0,0,0,0,0,0,0,0,0,0,0,0,0,0,0,0,0,0,0,0,0,0,0,0,0,0,0,0,0,0,0,0,0,0,0,0,0,0,0,0,0,0,0,0,0,0,0,0,0,0,0,0,0,0,0,0,0,0,0,0,0,0,0,0,0,0,0,0,0,0,0,0,0,0,0,0,0,0,0,0,0,0,0
Industrial,2,RYV,ROYAL VISTA,NORTHWEST,N/A,EMPLOYMENT,2015,,0,0,0,0,0,0,0,0,0,0,0,0,0,0,0,0,0,0,0,0,0,0,0,0,0,0,0,0,0,0,0,0,0,0,0,0,0,0,0,0,0,0,0,0,0,0,0,0,0,0,0,0,0,0,0,0,0,0,0,0,0,0,0,0,0,0,0,0,0,0,0,0,0,0,0,0,0,0,0,0,0,0,0,0,0,0,0,0,0,0,0,0,0,0,0,0,0,0,0,0,0,0,0,0,0,0,0,0,0,0,0,0,0,0,0,0
Residential,1,TUS,TUSCANY,NORTHWEST,BUILT-OUT,2000s,2015,,19737,6507,2071,0,0,5909,0,0,5478,110,0,522,389,0,8,0,0,0,0,0,0,0,0,507,424,807,15,0,0,0,4,0,8,3,0,1,0,107,101,209,3,0,0,0,0,0,0,0,0,0,0,0,0,0,0,0,0,0,0,0,0,0,0,0,0,378,292,757,11,0,0,2,5459,5092,17956,17,0,0,0,823,1692,1238,2538,164,0,0,0,0,0,0,0,0,0,0,0,0,0,0,0,0,0,0,0,0,0,0,0,0,0,0,0,0,0,0,0,0
Residential,1,COL,COLLINGWOOD,NORTHWEST,BUILT-OUT,1950s,2015,,2300,982,126,0,0,680,0,0,730,96,0,120,5,0,29,0,0,2,0,0,0,0,0,110,7,167,10,0,0,0,26,0,50,3,0,0,0,90,52,194,6,0,0,0,0,0,0,0,0,0,0,0,0,0,0,0,0,0,2,0,2,0,0,0,0,2,0,4,3,0,0,0,703,621,1883,22,4,1,2,224,347,142,207,13,0,0,0,0,0,0,0,0,0,0,0,0,0,0,0,0,0,0,0,0,0,0,0,0,0,0,0,0,0,0,0,0
Industrial,2,MNI,MANCHESTER INDUSTRIAL,CENTRE,N/A,EMPLOYMENT,2015,Y,0,3,0,0,0,0,0,0,0,0,0,0,0,0,0,0,0,0,0,0,3,0,0,0,0,0,0,0,0,0,0,0,0,0,0,0,0,0,0,0,0,0,0,0,0,0,0,0,0,0,0,0,0,0,0,0,0,0,1,0,0,2,0,0,0,0,0,0,0,0,0,0,0,0,0,0,0,0,3,0,0,0,0,0,0,0,0,0,0,0,0,0,0,0,0,0,0,0,0,0,0,0,0,0,0,0,0,0,0,0,0,0,0,0,0,0
Industrial,2,FHI,FOOTHILLS,EAST,N/A,EMPLOYMENT,2015,,356,1,0,0,0,0,0,0,0,0,0,0,0,0,0,0,0,0,0,0,1,0,0,0,0,0,0,0,0,0,0,0,0,0,0,0,0,0,0,0,0,0,0,0,0,0,0,0,0,0,0,0,0,0,0,0,0,0,1,0,356,0,0,0,0,0,0,0,0,0,0,0,0,0,0,0,0,0,1,0,0,0,0,1,0,0,0,0,0,0,0,0,0,0,0,0,0,0,0,0,0,0,0,0,0,0,0,0,0,0,0,0,0,0,0,0
Industrial,2,SHI,SHEPARD INDUSTRIAL,SOUTHEAST,N/A,EMPLOYMENT,2015,,263,149,6,0,0,133,0,0,0,0,0,0,0,147,0,0,0,0,0,0,2,0,0,0,0,0,0,0,0,0,0,0,0,0,0,0,0,0,0,0,0,0,0,0,145,133,263,2,0,0,0,0,0,0,0,0,0,0,0,0,0,2,0,0,0,0,0,0,0,0,0,0,0,0,0,0,0,0,2,58,65,16,6,0,0,0,0,0,0,0,0,0,0,0,0,0,0,0,0,0,0,0,0,0,0,0,0,0,0,0,0,0,0,0,0,0
Industrial,2,ST1,STONEY 1,NORTH,N/A,EMPLOYMENT,2015,Y,0,4,0,0,0,0,0,0,4,0,0,0,0,0,0,0,0,0,0,0,0,0,0,0,0,0,0,0,0,0,0,0,0,0,0,0,0,0,0,0,0,0,0,0,0,0,0,0,0,0,0,0,0,0,0,0,0,0,0,0,0,0,0,0,0,0,0,0,0,0,0,0,4,1,0,0,0,0,0,0,0,0,0,0,0,0,0,0,0,0,0,0,0,0,0,0,0,0,0,0,0,0,0,0,0,0,0,0,0,0,0,0,0,0,0,0
Residential,1,MOR,MONTEREY PARK,NORTHEAST,BUILT-OUT,2000s,2015,,10835,3184,719,0,0,2602,0,0,2475,23,0,156,138,301,89,1,0,0,1,0,0,0,0,150,91,306,6,0,0,0,69,6,175,9,0,11,0,23,17,81,0,0,0,0,298,292,518,3,0,0,0,0,0,0,0,0,0,0,2,2,103,0,0,0,0,137,65,369,1,0,0,1,2450,2129,9283,23,0,1,2,311,795,545,1141,337,0,0,0,0,0,0,0,0,0,0,0,0,0,0,0,0,0,0,0,0,0,0,0,0,0,0,0,0,0,0,0,0
Residential,1,DIS,DISCOVERY RIDGE,WEST,BUILT-OUT,2000s,2015,,4401,1650,302,0,0,1368,0,0,914,106,0,568,62,0,0,0,0,0,0,0,0,0,1,542,348,881,20,0,5,0,0,0,0,0,0,0,0,103,96,230,3,0,0,0,0,0,0,0,0,0,0,0,0,0,0,0,0,0,0,0,0,0,0,0,0,60,49,122,2,0,0,0,904,875,3168,10,0,0,0,349,498,212,509,41,0,0,0,0,0,0,0,0,0,0,0,0,0,0,0,0,0,0,0,0,0,0,0,0,0,0,0,0,0,0,0,0
Industrial,2,MER,MERIDIAN,NORTHEAST,N/A,EMPLOYMENT,2015,,0,0,0,0,0,0,0,0,0,0,0,0,0,0,0,0,0,0,0,0,0,0,0,0,0,0,0,0,0,0,0,0,0,0,0,0,0,0,0,0,0,0,0,0,0,0,0,0,0,0,0,0,0,0,0,0,0,0,0,0,0,0,0,0,0,0,0,0,0,0,0,0,0,0,0,0,0,0,0,0,0,0,0,0,0,0,0,0,0,0,0,0,0,0,0,0,0,0,0,0,0,0,0,0,0,0,0,0,0,0,0,0,0,0,0,0
Industrial,2,MLI,MAYLAND,NORTHEAST,N/A,EMPLOYMENT,2015,Y,0,1,0,0,0,0,0,0,0,0,0,0,0,0,0,0,1,0,0,0,0,0,0,0,0,0,0,0,0,0,0,0,0,0,0,0,0,0,0,0,0,0,0,0,0,0,0,0,0,0,0,0,0,0,0,0,0,0,1,0,0,0,0,0,0,0,0,0,0,0,0,0,0,0,0,0,0,0,1,0,0,0,0,0,0,0,0,0,0,0,0,0,0,0,0,0,0,0,0,0,0,0,0,0,0,0,0,0,0,0,0,0,0,0,0,0
Residential,1,CHV,COUNTRY HILLS VILLAGE,NORTH,BUILT-OUT,2000s,2015,,2691,1352,125,0,0,928,0,0,0,0,0,961,389,0,0,0,0,0,2,0,0,0,0,925,675,1557,36,0,0,0,0,0,0,0,0,0,0,0,0,0,0,0,0,0,0,0,0,0,0,0,0,0,0,0,0,0,0,0,2,0,261,0,0,0,1,376,253,873,12,0,0,0,0,0,0,0,0,0,2,523,548,140,84,8,0,0,0,0,0,0,0,0,0,0,0,0,0,0,0,0,0,0,0,0,0,0,0,0,0,0,0,0,0,0,0,0
Residential,1,CRE,CRESCENT HEIGHTS,CENTRE,BUILT-OUT,INNER CITY,2015,,6380,3647,320,0,0,1449,0,0,1133,86,16,2028,234,0,141,0,6,2,1,0,0,0,5,1937,513,2993,66,19,1,1,113,6,172,18,0,9,1,72,39,166,9,3,1,0,0,0,0,0,0,0,0,14,3,23,2,0,0,1,6,1,140,2,0,0,0,224,154,435,10,0,0,11,1039,733,2451,64,16,3,9,1438,1410,316,224,17,0,0,0,0,0,0,0,0,0,0,0,0,0,0,0,0,0,0,0,0,0,0,0,0,0,0,0,0,0,0,0,0
Residential,1,LKB,LAKE BONAVISTA,SOUTH,BUILT-OUT,1960s/1970s,2015,,10529,4108,633,0,0,3572,0,0,3272,0,0,831,0,0,1,1,0,1,1,0,1,0,4,783,509,1184,24,0,20,0,1,0,3,0,0,0,0,0,0,0,0,0,0,0,0,0,0,0,0,0,0,0,0,0,0,0,0,0,2,0,195,2,0,0,0,0,0,0,0,0,0,0,3214,3063,9147,54,4,0,4,775,1535,676,934,80,0,0,0,0,0,0,0,0,0,0,0,0,0,0,0,0,0,0,0,0,0,0,0,0,0,0,0,0,0,0,0,0
Residential,1,DDG,DOUGLASDALE/GLEN,SOUTHEAST,BUILT-OUT,1980s/1990s,2015,,12714,4658,826,0,0,4126,0,0,3930,144,0,321,257,0,3,0,0,3,0,0,0,0,2,187,78,312,64,68,0,0,3,1,9,0,0,0,0,141,139,225,3,0,0,0,0,0,0,0,0,0,0,0,0,0,0,0,0,1,1,0,3,1,0,0,1,248,201,521,8,0,0,1,3898,3707,11644,28,3,0,3,546,1701,843,1234,154,0,0,0,0,0,0,0,0,0,0,0,0,0,0,0,0,0,0,0,0,0,0,0,0,0,0,0,0,0,0,0,0
Residential,1,SOM,SOMERSET,SOUTH,BUILT-OUT,1980s/1990s,2015,,8717,3143,620,0,0,2439,0,0,2177,0,0,784,169,0,13,0,0,0,0,0,0,0,1,753,410,1382,30,0,0,0,10,3,30,2,0,1,0,0,0,0,0,0,0,0,0,0,0,0,0,0,0,0,0,0,0,0,0,0,0,0,0,0,0,0,0,165,126,307,3,0,1,1,2162,1900,6998,14,0,0,0,616,849,641,868,116,0,0,0,0,0,0,0,0,0,0,0,0,0,0,0,0,0,0,0,0,0,0,0,0,0,0,0,0,0,0,0,0
Residential,1,VAR,VARSITY,NORTHWEST,BUILT-OUT,1960s/1970s,2015,,12669,5884,614,0,0,3381,0,0,2606,169,1,2097,931,0,79,0,0,1,0,0,0,0,4,1809,494,3187,72,212,0,0,63,3,110,10,0,6,0,163,77,435,6,0,0,0,0,0,0,0,0,0,0,1,0,2,0,0,0,0,1,0,2,0,0,0,0,893,521,1869,37,0,1,0,2556,2286,7064,43,7,0,1,1497,2228,756,916,89,0,0,0,0,0,0,0,0,0,0,0,0,0,0,0,0,0,0,0,0,0,0,0,0,0,0,0,0,0,0,0,0
Residential,1,SAN,SANDSTONE VALLEY,NORTH,BUILT-OUT,1980s/1990s,2015,,6103,2123,336,0,0,1821,0,0,1680,44,0,0,385,0,14,0,0,0,0,0,0,0,0,0,0,0,0,0,0,0,10,1,17,3,0,1,0,40,20,112,4,0,0,0,0,0,0,0,0,0,0,0,0,0,0,0,0,0,0,0,0,0,0,0,1,377,312,822,7,0,0,0,1663,1488,5152,16,0,1,0,285,673,454,585,93,0,0,0,0,0,0,0,0,0,0,0,0,0,0,0,0,0,0,0,0,0,0,0,0,0,0,0,0,0,0,0,0
Residential,1,SDC,SUNDANCE,SOUTH,BUILT-OUT,1980s/1990s,2015,,10216,3411,505,0,0,3038,0,0,3066,74,0,100,152,0,19,0,0,0,0,0,0,0,1,90,85,116,9,0,0,0,16,1,32,3,0,0,0,72,58,163,2,0,0,0,0,0,0,0,0,0,0,0,0,0,0,0,0,0,0,0,0,0,0,0,1,149,55,390,2,0,0,0,3041,2839,9515,22,1,2,0,348,1067,686,1136,131,0,0,0,0,0,0,0,0,0,0,0,0,0,0,0,0,0,0,0,0,0,0,0,0,0,0,0,0,0,0,0,0
Residential,1,HPK,HIGHLAND PARK,CENTRE,BUILT-OUT,1950s,2015,,4139,2209,284,0,0,594,0,0,857,289,40,522,19,0,476,0,3,3,0,0,0,0,0,490,69,769,22,8,2,2,393,4,666,57,2,22,0,264,132,656,13,12,0,0,0,0,0,0,0,0,0,37,1,76,2,0,0,0,6,1,10,0,0,0,0,11,2,24,6,2,0,4,812,385,1938,28,12,1,6,730,779,260,221,22,0,0,0,0,0,0,0,0,0,0,0,0,0,0,0,0,0,0,0,0,0,0,0,0,0,0,0,0,0,0,0,0
Residential,1,BLN,BELTLINE,CENTRE,BUILT-OUT,CENTRE CITY,2015,,21939,17076,857,0,0,4284,0,0,78,6,6,16489,372,0,57,8,46,1,0,0,13,0,222,12944,4050,20487,837,2473,13,5,44,1,68,6,0,2,0,6,2,13,0,0,0,0,0,0,0,0,0,0,1,5,0,8,0,0,0,5,40,3,611,5,0,18,6,350,204,633,16,0,0,14,53,24,119,10,0,1,68,6840,5576,729,275,21,0,0,0,0,0,0,0,0,0,0,0,0,0,0,0,0,0,0,0,0,0,0,0,0,0,0,0,0,0,0,0,0
Residual Sub Area,4,02A,02A,NORTHWEST,N/A,UNDEVELOPED,2015,,33,2,0,0,0,0,0,0,1,0,0,0,0,0,0,0,0,0,0,1,0,0,0,0,0,0,0,0,0,0,0,0,0,0,0,0,0,0,0,0,0,0,0,0,0,0,0,0,0,0,0,0,0,0,0,0,0,0,1,0,33,0,0,0,0,0,0,0,0,0,0,0,0,0,0,1,0,0,1,0,0,0,0,1,0,0,0,0,0,0,0,0,0,0,0,0,0,0,0,0,0,0,0,0,0,0,0,0,0,0,0,0,0,0,0,0
Residential,1,SKR,SKYVIEW RANCH,NORTHEAST,DEVELOPING,2000s,2015,,7333,2996,895,0,0,2099,0,0,1350,229,11,1031,354,0,21,0,0,0,0,0,0,0,0,442,366,903,15,574,0,0,21,1,47,0,0,0,0,228,202,625,1,0,0,0,0,0,0,0,0,0,0,11,10,17,0,0,0,0,0,0,0,0,0,0,1,235,212,550,4,114,0,0,1347,1308,5191,3,0,0,0,258,640,505,687,194,0,0,0,0,0,0,0,0,0,0,0,0,0,0,0,0,0,0,0,0,0,0,0,0,0,0,0,0,0,0,0,0
Residual Sub Area,4,03I,03I,NORTHEAST,N/A,UNDEVELOPED,2015,,0,0,0,0,0,0,0,0,0,0,0,0,0,0,0,0,0,0,0,0,0,0,0,0,0,0,0,0,0,0,0,0,0,0,0,0,0,0,0,0,0,0,0,0,0,0,0,0,0,0,0,0,0,0,0,0,0,0,0,0,0,0,0,0,0,0,0,0,0,0,0,0,0,0,0,0,0,0,0,0,0,0,0,0,0,0,0,0,0,0,0,0,0,0,0,0,0,0,0,0,0,0,0,0,0,0,0,0,0,0,0,0,0,0,0,0
Residual Sub Area,4,03V,03V,NORTHEAST,N/A,OTHER,2015,,0,0,0,0,0,0,0,0,0,0,0,0,0,0,0,0,0,0,0,0,0,0,0,0,0,0,0,0,0,0,0,0,0,0,0,0,0,0,0,0,0,0,0,0,0,0,0,0,0,0,0,0,0,0,0,0,0,0,0,0,0,0,0,0,0,0,0,0,0,0,0,0,0,0,0,0,0,0,0,0,0,0,0,0,0,0,0,0,0,0,0,0,0,0,0,0,0,0,0,0,0,0,0,0,0,0,0,0,0,0,0,0,0,0,0,0
Residual Sub Area,4,02F,02F,NORTHWEST,N/A,OTHER,2015,,0,0,0,0,0,0,0,0,0,0,0,0,0,0,0,0,0,0,0,0,0,0,0,0,0,0,0,0,0,0,0,0,0,0,0,0,0,0,0,0,0,0,0,0,0,0,0,0,0,0,0,0,0,0,0,0,0,0,0,0,0,0,0,0,0,0,0,0,0,0,0,0,0,0,0,0,0,0,0,0,0,0,0,0,0,0,0,0,0,0,0,0,0,0,0,0,0,0,0,0,0,0,0,0,0,0,0,0,0,0,0,0,0,0,0,0
Residual Sub Area,4,03H,03H,NORTHEAST,N/A,OTHER,2015,Y,0,4,0,0,0,0,0,0,3,0,0,0,0,0,1,0,0,0,0,0,0,0,0,0,0,0,0,0,0,0,0,0,0,1,0,0,0,0,0,0,0,0,0,0,0,0,0,0,0,0,0,0,0,0,0,0,0,0,0,0,0,0,0,0,0,0,0,0,0,0,0,0,1,1,0,2,0,0,0,0,0,0,0,0,0,0,0,0,0,0,0,0,0,0,0,0,0,0,0,0,0,0,0,0,0,0,0,0,0,0,0,0,0,0,0,0
Residual Sub Area,4,12J,12J,SOUTHEAST,N/A,UNDEVELOPED,2015,,49,24,5,0,0,15,0,0,22,0,0,0,0,1,1,0,0,0,0,0,0,0,0,0,0,0,0,0,0,0,1,0,1,0,0,0,0,0,0,0,0,0,0,0,1,1,1,0,0,0,0,0,0,0,0,0,0,0,0,0,0,0,0,0,0,0,0,0,0,0,0,1,19,14,47,2,0,0,0,6,6,7,1,1,0,0,0,0,0,0,0,0,0,0,0,0,0,0,0,0,0,0,0,0,0,0,0,0,0,0,0,0,0,0,0,0
Residual Sub Area,4,14V,14V,SOUTH,N/A,UNDEVELOPED,2015,,68,29,4,0,0,10,0,0,26,0,0,0,0,2,1,0,0,0,0,0,0,0,0,0,0,0,0,0,0,0,1,0,1,0,0,0,0,0,0,0,0,0,0,0,2,0,4,0,0,0,0,0,0,0,0,0,0,0,0,0,0,0,0,0,0,0,0,0,0,0,0,1,23,10,63,1,0,1,0,4,12,3,6,1,0,0,0,0,0,0,0,0,0,0,0,0,0,0,0,0,0,0,0,0,0,0,0,0,0,0,0,0,0,0,0,0
Residual Sub Area,4,06B,06B,WEST,N/A,UNDEVELOPED,2015,,0,0,0,0,0,0,0,0,0,0,0,0,0,0,0,0,0,0,0,0,0,0,0,0,0,0,0,0,0,0,0,0,0,0,0,0,0,0,0,0,0,0,0,0,0,0,0,0,0,0,0,0,0,0,0,0,0,0,0,0,0,0,0,0,0,0,0,0,0,0,0,0,0,0,0,0,0,0,0,0,0,0,0,0,0,0,0,0,0,0,0,0,0,0,0,0,0,0,0,0,0,0,0,0,0,0,0,0,0,0,0,0,0,0,0,0
Residual Sub Area,4,10B,10B,EAST,N/A,OTHER,2015,,0,0,0,0,0,0,0,0,0,0,0,0,0,0,0,0,0,0,0,0,0,0,0,0,0,0,0,0,0,0,0,0,0,0,0,0,0,0,0,0,0,0,0,0,0,0,0,0,0,0,0,0,0,0,0,0,0,0,0,0,0,0,0,0,0,0,0,0,0,0,0,0,0,0,0,0,0,0,0,0,0,0,0,0,0,0,0,0,0,0,0,0,0,0,0,0,0,0,0,0,0,0,0,0,0,0,0,0,0,0,0,0,0,0,0,0
Residual Sub Area,4,13I,13I,SOUTH,N/A,UNDEVELOPED,2015,,0,0,0,0,0,0,0,0,0,0,0,0,0,0,0,0,0,0,0,0,0,0,0,0,0,0,0,0,0,0,0,0,0,0,0,0,0,0,0,0,0,0,0,0,0,0,0,0,0,0,0,0,0,0,0,0,0,0,0,0,0,0,0,0,0,0,0,0,0,0,0,0,0,0,0,0,0,0,0,0,0,0,0,0,0,0,0,0,0,0,0,0,0,0,0,0,0,0,0,0,0,0,0,0,0,0,0,0,0,0,0,0,0,0,0,0
Residual Sub Area,4,12B,12B,SOUTHEAST,N/A,UNDEVELOPED,2015,,27,7,6,0,0,4,0,0,7,0,0,0,0,0,0,0,0,0,0,0,0,0,0,0,0,0,0,0,0,0,0,0,0,0,0,0,0,0,0,0,0,0,0,0,0,0,0,0,0,0,0,0,0,0,0,0,0,0,0,0,0,0,0,0,0,0,0,0,0,0,0,0,7,4,27,0,0,0,0,0,3,0,2,2,0,0,0,0,0,0,0,0,0,0,0,0,0,0,0,0,0,0,0,0,0,0,0,0,0,0,0,0,0,0,0,0
Residual Sub Area,4,13G,13G,SOUTH,N/A,UNDEVELOPED,2015,,14,7,0,0,0,4,0,0,6,0,0,0,0,1,0,0,0,0,0,0,0,0,0,0,0,0,0,0,0,0,0,0,0,0,0,0,0,0,0,0,0,0,0,0,1,0,1,0,0,0,0,0,0,0,0,0,0,0,0,0,0,0,0,0,0,0,0,0,0,0,0,0,6,4,13,0,0,0,0,3,2,1,1,0,0,0,0,0,0,0,0,0,0,0,0,0,0,0,0,0,0,0,0,0,0,0,0,0,0,0,0,0,0,0,0,0
Residual Sub Area,4,13B,13B,SOUTH,N/A,UNDEVELOPED,2015,,0,0,0,0,0,0,0,0,0,0,0,0,0,0,0,0,0,0,0,0,0,0,0,0,0,0,0,0,0,0,0,0,0,0,0,0,0,0,0,0,0,0,0,0,0,0,0,0,0,0,0,0,0,0,0,0,0,0,0,0,0,0,0,0,0,0,0,0,0,0,0,0,0,0,0,0,0,0,0,0,0,0,0,0,0,0,0,0,0,0,0,0,0,0,0,0,0,0,0,0,0,0,0,0,0,0,0,0,0,0,0,0,0,0,0,0
Residential,1,QLD,QUEENSLAND,SOUTH,BUILT-OUT,1960s/1970s,2015,,4956,1911,320,0,0,1439,0,0,1174,217,0,60,391,0,69,0,0,0,0,0,0,0,0,60,51,105,0,0,0,0,59,4,102,8,0,2,0,213,132,551,3,0,1,0,0,0,0,0,0,0,0,0,0,0,0,0,0,0,0,0,0,0,0,0,0,380,239,936,11,0,0,0,1165,1013,3262,9,0,0,0,332,692,399,406,48,0,0,0,0,0,0,0,0,0,0,0,0,0,0,0,0,0,0,0,0,0,0,0,0,0,0,0,0,0,0,0,0
Residential,1,WOO,WOODLANDS,SOUTH,BUILT-OUT,1980s/1990s,2015,,6229,2411,540,0,0,1717,0,0,1531,121,0,163,579,0,16,0,0,0,0,1,0,0,0,145,0,302,18,0,0,0,15,4,26,1,0,0,0,118,83,307,3,0,0,0,0,0,0,0,0,0,0,0,0,0,0,0,0,0,1,1,56,0,0,0,2,551,231,1288,26,0,0,2,1513,1398,4250,16,0,0,1,350,967,474,497,55,0,0,0,0,0,0,0,0,0,0,0,0,0,0,0,0,0,0,0,0,0,0,0,0,0,0,0,0,0,0,0,0
Residential,1,SAD,SADDLE RIDGE,NORTHEAST,DEVELOPING,2000s,2015,,18994,4918,2261,0,0,3566,0,0,3501,114,0,569,237,0,496,0,0,0,0,1,0,0,4,545,269,1381,20,0,0,0,405,51,1163,65,0,26,0,99,69,349,1,14,0,0,0,0,0,0,0,0,0,0,0,0,0,0,0,1,0,0,0,0,0,0,0,231,147,721,6,0,0,5,3430,3030,15380,35,24,7,1,301,684,823,2048,854,0,0,0,0,0,0,0,0,0,0,0,0,0,0,0,0,0,0,0,0,0,0,0,0,0,0,0,0,0,0,0,0
Residential,1,CSC,CITYSCAPE,NORTHEAST,DEVELOPING,BUILDING OUT,2015,,627,292,98,0,0,162,0,0,288,0,0,1,3,0,0,0,0,0,0,0,0,0,0,0,0,0,0,1,0,0,0,0,0,0,0,0,0,0,0,0,0,0,0,0,0,0,0,0,0,0,0,0,0,0,0,0,0,0,0,0,0,0,0,0,0,3,3,5,0,0,0,0,161,159,622,22,105,0,0,4,26,30,90,14,0,0,0,0,0,0,0,0,0,0,0,0,0,0,0,0,0,0,0,0,0,0,0,0,0,0,0,0,0,0,0,0
Residual Sub Area,4,02E,02E,NORTHWEST,N/A,OTHER,2015,,1023,3,0,0,0,0,0,0,0,0,0,0,0,0,0,0,0,0,0,3,0,0,0,0,0,0,0,0,0,0,0,0,0,0,0,0,0,0,0,0,0,0,0,0,0,0,0,0,0,0,0,0,0,0,0,0,0,0,3,0,1023,0,0,0,0,0,0,0,0,0,0,0,0,0,0,0,0,0,3,0,0,0,0,3,0,0,0,0,0,0,0,0,0,0,0,0,0,0,0,0,0,0,0,0,0,0,0,0,0,0,0,0,0,0,0,0
Residual Sub Area,4,03S,03S,NORTHEAST,N/A,UNDEVELOPED,2015,,0,0,0,0,0,0,0,0,0,0,0,0,0,0,0,0,0,0,0,0,0,0,0,0,0,0,0,0,0,0,0,0,0,0,0,0,0,0,0,0,0,0,0,0,0,0,0,0,0,0,0,0,0,0,0,0,0,0,0,0,0,0,0,0,0,0,0,0,0,0,0,0,0,0,0,0,0,0,0,0,0,0,0,0,0,0,0,0,0,0,0,0,0,0,0,0,0,0,0,0,0,0,0,0,0,0,0,0,0,0,0,0,0,0,0,0
Residential,1,MAF,MAYFAIR,CENTRE,BUILT-OUT,1950s,2015,,478,156,22,0,0,150,0,0,156,0,0,0,0,0,0,0,0,0,0,0,0,0,0,0,0,0,0,0,0,0,0,0,0,0,0,0,0,0,0,0,0,0,0,0,0,0,0,0,0,0,0,0,0,0,0,0,0,0,0,0,0,0,0,0,0,0,0,0,0,0,0,0,154,150,478,2,0,0,0,16,54,21,56,7,0,0,0,0,0,0,0,0,0,0,0,0,0,0,0,0,0,0,0,0,0,0,0,0,0,0,0,0,0,0,0,0
Residential,1,SOW,SOUTHWOOD,SOUTH,BUILT-OUT,1960s/1970s,2015,,6420,2656,489,0,0,1494,0,0,1375,287,33,334,520,0,105,1,0,1,0,0,0,0,0,317,97,600,8,0,9,0,98,3,187,5,0,2,1,277,87,766,9,0,0,0,0,0,0,0,0,0,0,30,6,41,3,0,0,1,1,0,6,0,0,0,0,505,156,1326,15,0,0,1,1343,1145,3494,29,0,2,2,587,954,493,467,70,0,0,0,0,0,0,0,0,0,0,0,0,0,0,0,0,0,0,0,0,0,0,0,0,0,0,0,0,0,0,0,0
Residential,1,RDL,ROSEDALE,CENTRE,BUILT-OUT,INNER CITY,2015,,1653,632,81,0,0,442,0,0,574,0,0,36,4,0,17,0,0,0,0,1,0,0,0,35,2,52,1,0,0,0,14,1,22,3,0,0,0,0,0,0,0,0,0,0,0,0,0,0,0,0,0,0,0,0,0,0,0,0,1,0,7,0,0,0,0,4,3,11,0,0,0,0,553,436,1561,14,7,0,1,96,210,142,143,16,0,0,0,0,0,0,0,0,0,0,0,0,0,0,0,0,0,0,0,0,0,0,0,0,0,0,0,0,0,0,0,0
Residential,1,KCA,KINCORA,NORTH,DEVELOPING,2000s,2015,,5974,1960,743,0,0,1668,0,0,1471,87,0,248,152,0,2,0,0,0,0,0,0,0,0,128,93,238,12,108,0,0,2,0,5,0,0,0,0,87,84,230,0,0,0,0,0,0,0,0,0,0,0,0,0,0,0,0,0,0,0,0,0,0,0,0,0,151,123,333,1,0,0,0,1460,1368,5168,11,0,0,0,161,486,380,687,114,0,0,0,0,0,0,0,0,0,0,0,0,0,0,0,0,0,0,0,0,0,0,0,0,0,0,0,0,0,0,0,0
Residential,1,APP,APPLEWOOD PARK,EAST,BUILT-OUT,2000s,2015,,6863,2322,631,0,0,1379,0,0,1370,20,0,715,132,0,85,0,0,0,0,0,0,0,0,566,139,994,49,100,0,0,72,3,179,5,0,8,0,20,18,72,0,0,0,0,0,0,0,0,0,0,0,0,0,0,0,0,0,0,0,0,0,0,0,0,0,130,44,485,2,0,0,0,1355,1175,5133,13,1,1,0,340,559,395,628,221,0,0,0,0,0,0,0,0,0,0,0,0,0,0,0,0,0,0,0,0,0,0,0,0,0,0,0,0,0,0,0,0
Residual Sub Area,4,12H,12H,SOUTHEAST,N/A,UNDEVELOPED,2015,,0,0,0,0,0,0,0,0,0,0,0,0,0,0,0,0,0,0,0,0,0,0,0,0,0,0,0,0,0,0,0,0,0,0,0,0,0,0,0,0,0,0,0,0,0,0,0,0,0,0,0,0,0,0,0,0,0,0,0,0,0,0,0,0,0,0,0,0,0,0,0,0,0,0,0,0,0,0,0,0,0,0,0,0,0,0,0,0,0,0,0,0,0,0,0,0,0,0,0,0,0,0,0,0,0,0,0,0,0,0,0,0,0,0,0,0
Residual Sub Area,4,09K,09K,EAST,N/A,UNDEVELOPED,2015,Y,0,4,0,0,0,0,0,0,2,0,0,0,0,2,0,0,0,0,0,0,0,0,0,0,0,0,0,0,0,0,0,0,0,0,0,0,0,0,0,0,0,0,0,2,0,0,0,0,0,0,0,0,0,0,0,0,0,0,0,0,0,0,0,0,0,0,0,0,0,0,0,0,2,2,0,0,0,0,0,0,0,0,0,0,0,0,0,0,0,0,0,0,0,0,0,0,0,0,0,0,0,0,0,0,0,0,0,0,0,0,0,0,0,0,0,0
Residual Sub Area,4,13C,13C,SOUTH,N/A,UNDEVELOPED,2015,Y,0,3,0,0,0,0,0,0,3,0,0,0,0,0,0,0,0,0,0,0,0,0,0,0,0,0,0,0,0,0,0,0,0,0,0,0,0,0,0,0,0,0,0,0,0,0,0,0,0,0,0,0,0,0,0,0,0,0,0,0,0,0,0,0,0,0,0,0,0,0,0,0,2,2,0,1,0,0,0,0,0,0,0,0,0,0,0,0,0,0,0,0,0,0,0,0,0,0,0,0,0,0,0,0,0,0,0,0,0,0,0,0,0,0,0,0
Residual Sub Area,4,02K,02K,NORTH,N/A,UNDEVELOPED,2015,,74,8,1,0,0,4,0,0,7,0,0,0,0,0,0,0,0,1,0,0,0,0,0,0,0,0,0,0,0,0,0,0,0,0,0,0,0,0,0,0,0,0,0,0,0,0,0,0,0,0,0,0,0,0,0,0,0,0,1,0,56,0,0,0,0,0,0,0,0,0,0,1,6,4,18,0,0,0,1,0,3,2,0,2,0,0,0,0,0,0,0,0,0,0,0,0,0,0,0,0,0,0,0,0,0,0,0,0,0,0,0,0,0,0,0,0
Residual Sub Area,4,12A,12A,SOUTHEAST,N/A,OTHER,2015,,106,56,3,0,0,40,0,0,55,0,0,0,0,1,0,0,0,0,0,0,0,0,0,0,0,0,0,0,0,0,0,0,0,0,0,0,0,0,0,0,0,0,0,0,1,0,4,0,0,0,0,0,0,0,0,0,0,0,0,0,0,0,0,0,0,0,0,0,0,0,0,5,44,40,102,5,0,1,0,9,20,9,7,0,0,0,0,0,0,0,0,0,0,0,0,0,0,0,0,0,0,0,0,0,0,0,0,0,0,0,0,0,0,0,0,0
Residual Sub Area,4,14U,14U,SOUTH,N/A,OTHER,2015,,0,0,0,0,0,0,0,0,0,0,0,0,0,0,0,0,0,0,0,0,0,0,0,0,0,0,0,0,0,0,0,0,0,0,0,0,0,0,0,0,0,0,0,0,0,0,0,0,0,0,0,0,0,0,0,0,0,0,0,0,0,0,0,0,0,0,0,0,0,0,0,0,0,0,0,0,0,0,0,0,0,0,0,0,0,0,0,0,0,0,0,0,0,0,0,0,0,0,0,0,0,0,0,0,0,0,0,0,0,0,0,0,0,0,0,0
Residual Sub Area,4,09N,09N,SOUTHEAST,N/A,UNDEVELOPED,2015,Y,0,3,0,0,0,0,0,0,3,0,0,0,0,0,0,0,0,0,0,0,0,0,0,0,0,0,0,0,0,0,0,0,0,0,0,0,0,0,0,0,0,0,0,0,0,0,0,0,0,0,0,0,0,0,0,0,0,0,0,0,0,0,0,0,0,0,0,0,0,0,0,0,2,2,0,1,0,0,0,0,0,0,0,0,0,0,0,0,0,0,0,0,0,0,0,0,0,0,0,0,0,0,0,0,0,0,0,0,0,0,0,0,0,0,0,0
Residential,1,OAK,OAKRIDGE,SOUTH,BUILT-OUT,1960s/1970s,2015,,5759,2290,379,0,0,1991,0,0,1706,144,0,35,402,0,3,0,0,0,0,0,0,0,0,34,30,52,1,0,0,0,3,0,3,0,0,0,0,134,90,254,10,0,0,0,0,0,0,0,0,0,0,0,0,0,0,0,0,0,0,0,0,0,0,0,0,391,271,820,11,0,0,1,1689,1600,4630,16,0,0,0,421,909,378,503,40,0,0,0,0,0,0,0,0,0,0,0,0,0,0,0,0,0,0,0,0,0,0,0,0,0,0,0,0,0,0,0,0
Residual Sub Area,4,12F,12F,SOUTHEAST,N/A,UNDEVELOPED,2015,,0,0,0,0,0,0,0,0,0,0,0,0,0,0,0,0,0,0,0,0,0,0,0,0,0,0,0,0,0,0,0,0,0,0,0,0,0,0,0,0,0,0,0,0,0,0,0,0,0,0,0,0,0,0,0,0,0,0,0,0,0,0,0,0,0,0,0,0,0,0,0,0,0,0,0,0,0,0,0,0,0,0,0,0,0,0,0,0,0,0,0,0,0,0,0,0,0,0,0,0,0,0,0,0,0,0,0,0,0,0,0,0,0,0,0,0
Residual Sub Area,4,01D,01D,WEST,N/A,UNDEVELOPED,2015,Y,0,2,0,0,0,0,0,0,1,0,0,0,0,1,0,0,0,0,0,0,0,0,0,0,0,0,0,0,0,0,0,0,0,0,0,0,0,0,0,0,0,0,0,0,1,0,0,0,0,0,0,0,0,0,0,0,0,0,0,0,0,0,0,0,0,0,0,0,0,0,0,0,1,1,0,0,0,0,0,0,0,0,0,0,0,0,0,0,0,0,0,0,0,0,0,0,0,0,0,0,0,0,0,0,0,0,0,0,0,0,0,0,0,0,0,0
Residual Sub Area,4,12C,12C,SOUTHEAST,N/A,UNDEVELOPED,2015,,130,44,10,0,0,32,0,0,42,0,0,0,0,1,1,0,0,0,0,0,0,0,0,0,0,0,0,0,0,0,1,0,2,0,0,0,0,0,0,0,0,0,0,0,1,0,2,0,0,0,0,0,0,0,0,0,0,0,0,0,0,0,0,0,0,0,0,0,0,0,0,0,42,32,126,0,0,0,0,2,20,8,12,2,0,0,0,0,0,0,0,0,0,0,0,0,0,0,0,0,0,0,0,0,0,0,0,0,0,0,0,0,0,0,0,0
Residual Sub Area,4,05C,05C,NORTHEAST,N/A,OTHER,2015,,12,6,0,0,0,0,0,0,3,0,0,0,0,1,2,0,0,0,0,0,0,0,0,0,0,0,0,0,0,0,1,0,1,1,0,0,0,0,0,0,0,0,0,0,1,0,3,0,0,0,0,0,0,0,0,0,0,0,0,0,0,0,0,0,0,0,0,0,0,0,0,0,3,0,8,0,0,0,0,2,0,2,1,0,0,0,0,0,0,0,0,0,0,0,0,0,0,0,0,0,0,0,0,0,0,0,0,0,0,0,0,0,0,0,0,0
Residential,1,HUN,HUNTINGTON HILLS,NORTH,BUILT-OUT,1960s/1970s,2015,,13781,5588,921,0,0,3257,0,0,2957,557,4,527,1194,126,220,0,0,0,0,0,3,0,0,520,119,852,7,0,0,0,184,16,345,20,0,16,0,536,210,1507,19,0,2,0,124,107,258,1,1,0,0,4,1,5,0,0,0,0,3,0,6,0,0,0,2,1161,309,2964,31,0,0,2,2917,2495,7844,34,2,2,3,1188,2084,996,1020,161,0,0,0,0,0,0,0,0,0,0,0,0,0,0,0,0,0,0,0,0,0,0,0,0,0,0,0,0,0,0,0,0
Residential,1,DNC,DOWNTOWN COMMERCIAL CORE,CENTRE,BUILT-OUT,CENTRE CITY,2015,,9083,5672,549,0,0,426,0,0,2,0,0,5596,20,0,0,1,40,1,1,0,11,0,37,5059,401,8735,259,232,9,0,0,0,0,0,0,0,0,0,0,0,0,0,0,0,0,0,0,0,0,0,0,0,0,0,0,0,0,2,39,21,308,13,0,0,0,20,4,39,0,0,0,0,1,0,1,0,0,1,54,2414,1971,483,243,8,0,0,0,0,0,0,0,0,0,0,0,0,0,0,0,0,0,0,0,0,0,0,0,0,0,0,0,0,0,0,0,0
Residential,1,MID,MIDNAPORE,SOUTH,BUILT-OUT,1960s/1970s,2015,,7183,2900,511,0,0,1834,0,0,1340,445,0,664,419,0,26,0,0,1,4,0,1,0,2,501,142,815,17,144,0,0,21,5,44,1,0,4,0,439,359,1153,6,0,0,0,0,0,0,0,0,0,0,0,0,0,0,0,0,0,4,0,395,0,2,0,1,412,157,990,6,0,0,0,1323,1171,3786,16,0,1,6,649,965,491,530,65,0,0,0,0,0,0,0,0,0,0,0,0,0,0,0,0,0,0,0,0,0,0,0,0,0,0,0,0,0,0,0,0
Residential,1,DIA,DIAMOND COVE,SOUTH,BUILT-OUT,1980s/1990s,2015,,711,271,40,0,0,259,0,0,271,0,0,0,0,0,0,0,0,0,0,0,0,0,0,0,0,0,0,0,0,0,0,0,0,0,0,0,0,0,0,0,0,0,0,0,0,0,0,0,0,0,0,0,0,0,0,0,0,0,0,0,0,0,0,0,0,0,0,0,0,0,0,0,270,259,711,1,0,0,0,30,124,58,53,5,0,0,0,0,0,0,0,0,0,0,0,0,0,0,0,0,0,0,0,0,0,0,0,0,0,0,0,0,0,0,0,0
Residential,1,THO,THORNCLIFFE,NORTH,BUILT-OUT,1950s,2015,,8931,3852,585,0,0,2161,0,0,2052,373,0,332,815,0,279,0,0,0,0,1,0,0,3,307,19,448,22,0,0,0,208,11,338,29,1,41,1,356,156,948,16,0,0,0,0,0,0,0,0,0,0,0,0,0,0,0,0,1,0,0,0,0,0,0,0,796,297,2232,19,0,0,2,2015,1678,4965,34,0,1,1,971,1293,685,645,87,0,0,0,0,0,0,0,0,0,0,0,0,0,0,0,0,0,0,0,0,0,0,0,0,0,0,0,0,0,0,0,0
Residential,1,ROC,ROCKY RIDGE,NORTHWEST,DEVELOPING,BUILDING OUT,2015,,8229,3097,635,0,0,2551,0,0,1790,197,0,490,617,0,2,0,0,0,1,0,0,0,0,464,276,706,25,0,1,0,2,1,5,0,0,0,0,195,169,459,2,0,0,0,0,0,0,0,0,0,0,0,0,0,0,0,0,0,1,0,158,0,0,0,0,578,436,1156,31,8,0,0,1766,1669,5745,14,10,0,1,636,988,487,807,88,0,0,0,0,0,0,0,0,0,0,0,0,0,0,0,0,0,0,0,0,0,0,0,0,0,0,0,0,0,0,0,0
Residential,1,FHT,FOREST HEIGHTS,EAST,BUILT-OUT,1960s/1970s,2015,,6648,2255,497,0,0,1241,0,0,945,460,0,30,577,0,242,0,0,0,1,0,0,0,0,30,0,48,0,0,0,0,182,8,377,37,0,23,0,445,236,1480,15,0,0,0,0,0,0,0,0,0,0,0,0,0,0,0,0,0,1,0,235,0,0,0,0,564,293,1675,13,0,0,1,923,704,2833,21,0,0,1,354,628,453,554,154,0,0,0,0,0,0,0,0,0,0,0,0,0,0,0,0,0,0,0,0,0,0,0,0,0,0,0,0,0,0,0,0
Residential,1,HAY,HAYSBORO,SOUTH,BUILT-OUT,1950s,2015,,7255,3644,479,0,0,2039,0,0,1815,0,0,1774,9,0,46,0,0,0,0,0,0,0,23,1679,510,2658,72,0,0,0,30,4,49,15,0,1,0,0,0,0,0,0,0,0,0,0,0,0,0,0,0,0,0,0,0,0,0,0,0,0,0,0,0,0,0,9,9,18,0,0,0,0,1768,1516,4530,47,0,0,0,1254,1324,474,398,36,0,0,0,0,0,0,0,0,0,0,0,0,0,0,0,0,0,0,0,0,0,0,0,0,0,0,0,0,0,0,0,0
Residential,1,LEG,LEGACY,SOUTH,DEVELOPING,BUILDING OUT,2015,,1303,695,155,0,0,433,0,0,488,166,0,0,41,0,0,0,0,0,0,0,0,0,0,0,0,0,0,0,0,0,0,0,0,0,0,0,1,137,130,350,2,26,0,0,0,0,0,0,0,0,0,0,0,0,0,0,0,0,0,0,0,0,0,0,0,0,0,0,0,41,0,28,312,303,953,13,135,0,0,43,168,91,132,15,0,0,0,0,0,0,0,0,0,0,0,0,0,0,0,0,0,0,0,0,0,0,0,0,0,0,0,0,0,0,0,0
Residential,1,ABB,ABBEYDALE,NORTHEAST,BUILT-OUT,2000s,2015,,6167,2056,587,0,0,1397,0,0,1420,290,0,0,230,0,115,0,0,0,0,1,0,0,0,0,0,0,0,0,0,0,97,5,215,6,0,12,0,285,205,862,5,0,0,0,0,0,0,0,0,0,0,0,0,0,0,0,0,0,1,0,28,0,0,0,1,225,100,712,2,0,2,0,1401,1087,4350,17,2,0,1,246,585,506,552,120,0,0,0,0,0,0,0,0,0,0,0,0,0,0,0,0,0,0,0,0,0,0,0,0,0,0,0,0,0,0,0,0
Residential,1,SGH,SAGE HILL,NORTH,DEVELOPING,BUILDING OUT,2015,,4578,2022,743,0,0,1493,0,0,1243,24,275,257,219,1,1,0,0,0,1,1,0,0,0,0,0,0,0,257,0,0,1,0,4,0,0,0,0,24,24,60,0,0,0,0,0,0,0,1,0,0,0,205,154,406,7,63,63,0,1,1,4,0,1,0,2,153,140,330,8,56,0,8,1211,1174,3774,9,14,1,2,201,501,415,436,42,0,0,0,0,0,0,0,0,0,0,0,0,0,0,0,0,0,0,0,0,0,0,0,0,0,0,0,0,0,0,0,0
Residential,1,SCA,SCARBORO,CENTRE,BUILT-OUT,INNER CITY,2015,,917,334,62,0,0,281,0,0,327,0,0,0,0,0,7,0,0,0,0,0,0,0,0,0,0,0,0,0,0,0,5,0,7,0,0,2,0,0,0,0,0,0,0,0,0,0,0,0,0,0,0,0,0,0,0,0,0,0,0,0,0,0,0,0,0,0,0,0,0,0,0,0,319,281,910,8,0,0,0,45,110,67,96,6,0,0,0,0,0,0,0,0,0,0,0,0,0,0,0,0,0,0,0,0,0,0,0,0,0,0,0,0,0,0,0,0
Industrial,2,ST4,STONEY 4,NORTHEAST,N/A,EMPLOYMENT,2015,Y,0,3,0,0,0,0,0,0,1,0,0,0,0,2,0,0,0,0,0,0,0,0,0,0,0,0,0,0,0,0,0,0,0,0,0,0,0,0,0,0,0,0,0,2,0,0,0,0,0,0,0,0,0,0,0,0,0,0,0,0,0,0,0,0,0,0,0,0,0,0,0,0,1,0,0,0,0,0,0,0,0,0,0,0,0,0,0,0,0,0,0,0,0,0,0,0,0,0,0,0,0,0,0,0,0,0,0,0,0,0,0,0,0,0,0,0
Residential,1,ARB,ARBOUR LAKE,NORTHWEST,BUILT-OUT,2000s,2015,,10947,3937,595,0,0,3368,0,0,2683,174,0,683,61,308,27,0,0,0,1,0,0,0,0,672,505,1140,11,0,0,0,19,1,30,8,0,0,0,168,152,319,6,0,0,0,302,297,489,6,0,0,0,0,0,0,0,0,0,0,1,0,124,0,0,0,0,58,33,162,3,0,0,1,2659,2380,8683,23,0,0,1,676,1280,699,1100,124,0,0,0,0,0,0,0,0,0,0,0,0,0,0,0,0,0,0,0,0,0,0,0,0,0,0,0,0,0,0,0,0
Residential,1,RAN,RANCHLANDS,NORTHWEST,BUILT-OUT,1960s/1970s,2015,,7873,3063,628,0,0,1954,0,0,1469,271,0,285,958,0,80,0,0,0,0,0,0,0,1,267,34,558,17,0,0,0,72,5,135,7,0,1,0,268,175,709,3,0,0,0,0,0,0,0,0,0,0,0,0,0,0,0,0,0,0,0,0,0,0,0,1,948,485,2364,9,0,0,1,1459,1255,4107,9,0,0,0,578,1090,622,643,81,0,0,0,0,0,0,0,0,0,0,0,0,0,0,0,0,0,0,0,0,0,0,0,0,0,0,0,0,0,0,0,0
Residential,1,VAL,VALLEY RIDGE,WEST,BUILT-OUT,2000s,2015,,5702,1932,467,0,0,1834,0,0,1770,0,0,71,88,0,2,0,0,0,1,0,0,0,0,66,59,113,5,0,0,0,2,1,2,0,0,0,0,0,0,0,0,0,0,0,0,0,0,0,0,0,0,0,0,0,0,0,0,0,1,0,137,0,0,0,0,84,81,150,3,1,0,1,1750,1693,5300,14,5,0,1,189,699,362,599,54,0,0,0,0,0,0,0,0,0,0,0,0,0,0,0,0,0,0,0,0,0,0,0,0,0,0,0,0,0,0,0,0
Residential,1,CIT,CITADEL,NORTHWEST,BUILT-OUT,1980s/1990s,2015,,10517,3484,753,0,0,3060,0,0,2822,0,0,224,431,0,7,0,0,0,0,0,0,0,0,221,160,431,3,0,0,0,5,0,7,2,0,0,0,0,0,0,0,0,0,0,0,0,0,0,0,0,0,0,0,0,0,0,0,0,0,0,0,0,0,0,0,429,352,1123,2,0,0,0,2796,2548,8956,26,0,0,0,407,961,770,1180,133,0,0,0,0,0,0,0,0,0,0,0,0,0,0,0,0,0,0,0,0,0,0,0,0,0,0,0,0,0,0,0,0
Residential,1,HAW,HAWKWOOD,NORTHWEST,BUILT-OUT,1980s/1990s,2015,,9828,3330,554,0,0,3093,0,0,3067,0,0,138,119,0,6,0,0,0,0,0,0,0,0,134,130,167,4,0,0,0,4,0,8,1,0,1,0,0,0,0,0,0,0,0,0,0,0,0,0,0,0,0,0,0,0,0,0,0,0,0,0,0,0,0,0,117,109,239,2,0,0,0,3053,2854,9414,14,0,0,0,358,1117,694,1006,133,0,0,0,0,0,0,0,0,0,0,0,0,0,0,0,0,0,0,0,0,0,0,0,0,0,0,0,0,0,0,0,0
Residential,1,GRE,GREENWOOD/GREENBRIAR,NORTHWEST,BUILT-OUT,1960s/1970s,2015,,957,497,33,0,0,436,0,0,1,0,0,0,0,496,0,0,0,0,0,0,0,0,0,0,0,0,0,0,0,0,0,0,0,0,0,0,0,0,0,0,0,0,0,1,482,436,957,13,0,0,0,0,0,0,0,0,0,0,0,0,0,0,0,0,0,0,0,0,0,0,0,0,0,0,0,1,0,0,0,173,210,59,32,8,0,0,0,0,0,0,0,0,0,0,0,0,0,0,0,0,0,0,0,0,0,0,0,0,0,0,0,0,0,0,0,0
Residual Sub Area,4,01H,01H,WEST,N/A,UNDEVELOPED,2015,Y,0,3,0,0,0,0,0,0,3,0,0,0,0,0,0,0,0,0,0,0,0,0,0,0,0,0,0,0,0,0,0,0,0,0,0,0,0,0,0,0,0,0,0,0,0,0,0,0,0,0,0,0,0,0,0,0,0,0,0,0,0,0,0,0,0,0,0,0,0,0,0,0,3,3,0,0,0,0,0,0,0,0,0,0,0,0,0,0,0,0,0,0,0,0,0,0,0,0,0,0,0,0,0,0,0,0,0,0,0,0,0,0,0,0,0,0
Residential,1,UOC,UNIVERSITY OF CALGARY,NORTHWEST,BUILT-OUT,2000s,2015,,2968,1241,184,0,0,0,0,0,0,0,0,987,249,0,0,4,0,0,0,0,1,0,0,709,0,1458,0,278,0,0,0,0,0,0,0,0,0,0,0,0,0,0,0,0,0,0,0,0,0,0,0,0,0,0,0,0,0,0,5,0,754,0,0,0,0,247,0,756,2,0,0,0,0,0,0,0,0,0,5,274,307,216,154,10,0,0,0,0,0,0,0,0,0,0,0,0,0,0,0,0,0,0,0,0,0,0,0,0,0,0,0,0,0,0,0,0
Industrial,2,FVI,FAIRVIEW INDUSTRIAL,SOUTH,N/A,EMPLOYMENT,2015,,0,1,0,0,0,0,0,0,0,0,0,0,0,0,0,0,0,0,0,0,1,0,0,0,0,0,0,0,0,0,0,0,0,0,0,0,0,0,0,0,0,0,0,0,0,0,0,0,0,0,0,0,0,0,0,0,0,0,0,0,0,1,0,0,0,0,0,0,0,0,0,0,0,0,0,0,0,0,1,0,0,0,0,0,0,0,0,0,0,0,0,0,0,0,0,0,0,0,0,0,0,0,0,0,0,0,0,0,0,0,0,0,0,0,0,0
Residential,1,HOU,HOUNSFIELD HEIGHTS/BRIAR HILL,CENTRE,BUILT-OUT,1950s,2015,,2972,1108,108,0,0,786,0,0,676,0,0,369,33,0,27,0,0,0,2,0,1,0,0,347,214,538,22,0,0,0,20,1,30,7,0,0,0,0,0,0,0,0,0,0,0,0,0,0,0,0,0,0,0,0,0,0,0,0,2,0,577,1,0,0,0,33,28,54,0,0,0,2,629,543,1773,19,25,1,3,296,388,138,195,14,0,0,0,0,0,0,0,0,0,0,0,0,0,0,0,0,0,0,0,0,0,0,0,0,0,0,0,0,0,0,0,0
Residential,1,BNF,BANFF TRAIL,CENTRE,BUILT-OUT,1950s,2015,,4335,1937,179,0,0,663,0,0,1012,247,4,119,4,0,538,0,1,1,0,0,11,0,0,109,6,191,10,0,0,1,490,12,923,34,0,13,0,227,126,584,8,12,0,0,0,0,0,0,0,0,0,4,0,7,0,0,0,0,8,0,26,5,0,0,0,4,0,13,0,0,0,3,975,519,2591,22,12,0,13,457,673,380,269,38,0,0,0,0,0,0,0,0,0,0,0,0,0,0,0,0,0,0,0,0,0,0,0,0,0,0,0,0,0,0,0,0
Residential,1,UMR,UPPER MOUNT ROYAL,CENTRE,BUILT-OUT,INNER CITY,2015,,2510,1069,139,0,0,745,0,0,796,10,0,235,13,0,15,0,0,0,0,0,0,0,0,230,46,322,5,0,0,0,12,1,20,3,0,0,0,10,8,32,0,0,0,0,0,0,0,0,0,0,0,0,0,0,0,0,0,0,0,0,0,0,0,0,0,10,4,18,3,0,0,0,740,686,2118,37,19,0,0,232,386,134,234,16,0,0,0,0,0,0,0,0,0,0,0,0,0,0,0,0,0,0,0,0,0,0,0,0,0,0,0,0,0,0,0,0
Residual Sub Area,4,09H,09H,EAST,N/A,OTHER,2015,,0,0,0,0,0,0,0,0,0,0,0,0,0,0,0,0,0,0,0,0,0,0,0,0,0,0,0,0,0,0,0,0,0,0,0,0,0,0,0,0,0,0,0,0,0,0,0,0,0,0,0,0,0,0,0,0,0,0,0,0,0,0,0,0,0,0,0,0,0,0,0,0,0,0,0,0,0,0,0,0,0,0,0,0,0,0,0,0,0,0,0,0,0,0,0,0,0,0,0,0,0,0,0,0,0,0,0,0,0,0,0,0,0,0,0,0
Residential,1,WGT,WESTGATE,WEST,BUILT-OUT,1950s,2015,,3201,1335,186,0,0,942,0,0,915,53,0,141,187,0,38,0,0,0,0,0,1,0,0,135,57,229,6,0,0,0,34,3,57,3,0,1,1,51,27,123,1,0,0,0,0,0,0,0,0,0,0,0,0,0,0,0,0,0,1,0,36,0,0,0,0,181,45,448,6,0,0,0,896,810,2308,16,2,1,1,292,510,228,254,14,0,0,0,0,0,0,0,0,0,0,0,0,0,0,0,0,0,0,0,0,0,0,0,0,0,0,0,0,0,0,0,0
Residential,1,ERL,ERLTON,CENTRE,BUILT-OUT,INNER CITY,2015,,1280,716,47,0,0,468,0,0,121,52,0,399,102,0,41,0,0,1,0,0,0,0,0,396,290,685,3,0,0,0,37,1,61,4,0,0,0,43,20,98,2,7,0,0,0,0,0,0,0,0,0,0,0,0,0,0,0,0,1,0,6,0,0,0,0,95,82,179,6,1,0,1,108,75,251,9,3,0,1,220,361,69,27,3,0,0,0,0,0,0,0,0,0,0,0,0,0,0,0,0,0,0,0,0,0,0,0,0,0,0,0,0,0,0,0,0
Residential,1,MRT,MARTINDALE,NORTHEAST,BUILT-OUT,1980s/1990s,2015,,15055,4157,1492,0,0,3012,0,0,3550,52,0,0,148,0,407,0,0,0,0,0,0,0,0,0,0,0,0,0,0,1,330,18,869,61,1,14,0,52,32,178,0,0,0,0,0,0,0,0,0,0,0,0,0,0,0,0,0,0,0,0,0,0,0,0,0,148,131,343,0,0,0,0,3513,2831,13665,36,0,1,0,340,731,753,1630,588,0,0,0,0,0,0,0,0,0,0,0,0,0,0,0,0,0,0,0,0,0,0,0,0,0,0,0,0,0,0,0,0
Residential,1,NOL,NOLAN HILL,NORTH,DEVELOPING,BUILDING OUT,2015,,1723,1032,217,0,0,539,0,0,805,0,0,0,227,0,0,0,0,0,0,0,0,0,0,0,0,0,0,0,0,0,0,0,0,0,0,0,0,0,0,0,0,0,0,0,0,0,0,0,0,0,0,0,0,0,0,0,0,0,0,0,0,0,0,0,3,40,39,99,8,176,0,25,518,500,1624,62,200,0,0,39,192,130,166,31,0,0,0,0,0,0,0,0,0,0,0,0,0,0,0,0,0,0,0,0,0,0,0,0,0,0,0,0,0,0,0,0
Residential,1,COA,COACH HILL,WEST,BUILT-OUT,1980s/1990s,2015,,3301,1480,231,0,0,1193,0,0,633,104,0,237,506,0,0,0,0,0,0,0,0,0,3,225,158,345,9,0,0,0,0,0,0,0,0,0,0,102,89,209,2,0,0,0,0,0,0,0,0,0,0,0,0,0,0,0,0,0,0,0,0,0,0,0,0,492,365,1013,10,0,4,0,616,581,1734,16,0,1,0,396,580,212,225,22,0,0,0,0,0,0,0,0,0,0,0,0,0,0,0,0,0,0,0,0,0,0,0,0,0,0,0,0,0,0,0,0
Residential,1,POI,POINT MCKAY,CENTRE,BUILT-OUT,1960s/1970s,2015,,1334,846,77,0,0,619,0,0,0,24,0,312,510,0,0,0,0,0,0,0,0,0,0,297,206,407,15,0,0,0,0,0,0,0,0,0,0,21,21,48,3,0,0,0,0,0,0,0,0,0,0,0,0,0,0,0,0,0,0,0,0,0,0,0,0,485,392,879,25,0,0,0,0,0,0,0,0,0,0,390,320,69,24,0,0,0,0,0,0,0,0,0,0,0,0,0,0,0,0,0,0,0,0,0,0,0,0,0,0,0,0,0,0,0,0,0
Residential,1,RUT,RUTLAND PARK,WEST,BUILT-OUT,1950s,2015,,2344,970,140,0,0,631,0,0,311,40,0,95,492,0,31,0,0,0,1,0,0,0,0,93,0,98,2,0,0,0,27,2,46,2,0,2,0,38,14,87,0,0,2,0,0,0,0,0,0,0,0,0,0,0,0,0,0,0,1,0,144,0,0,0,0,491,354,1211,1,0,0,0,304,261,758,2,5,0,1,287,329,168,156,14,0,0,0,0,0,0,0,0,0,0,0,0,0,0,0,0,0,0,0,0,0,0,0,0,0,0,0,0,0,0,0,0
Residential,1,WAL,WALDEN,SOUTH,DEVELOPING,BUILDING OUT,2015,,3076,1132,347,0,0,872,0,0,669,173,0,85,195,0,9,0,0,0,1,0,0,0,1,30,0,37,0,54,0,0,9,4,23,0,0,0,0,172,154,420,1,0,0,0,0,0,0,0,0,0,0,0,0,0,0,0,0,0,1,0,285,0,0,0,1,165,132,341,16,13,0,8,604,582,1970,15,42,0,1,149,312,212,268,39,0,0,0,0,0,0,0,0,0,0,0,0,0,0,0,0,0,0,0,0,0,0,0,0,0,0,0,0,0,0,0,0
Residential,1,RAM,RAMSAY,CENTRE,BUILT-OUT,INNER CITY,2015,,2201,1129,124,0,0,553,0,0,746,85,0,54,50,0,186,0,6,2,0,0,0,0,0,52,0,59,2,0,0,0,158,7,254,17,4,7,0,82,34,205,2,0,1,0,0,0,0,0,0,0,0,0,0,0,0,0,0,1,7,2,15,0,0,0,1,48,0,140,1,0,0,3,706,510,1528,21,14,2,8,345,453,131,109,15,0,0,0,0,0,0,0,0,0,0,0,0,0,0,0,0,0,0,0,0,0,0,0,0,0,0,0,0,0,0,0,0
Residential,1,MRL,MARLBOROUGH,NORTHEAST,BUILT-OUT,1960s/1970s,2015,,9080,3213,668,0,0,1910,0,0,2264,125,0,370,205,0,249,0,0,0,0,0,0,0,3,357,1,961,10,0,0,0,207,8,448,34,0,8,0,124,73,400,1,0,0,0,0,0,0,0,0,0,0,0,0,0,0,0,0,0,0,0,0,0,0,0,0,180,113,521,13,12,0,0,2231,1715,6750,33,0,0,0,440,1069,653,739,198,0,0,0,0,0,0,0,0,0,0,0,0,0,0,0,0,0,0,0,0,0,0,0,0,0,0,0,0,0,0,0,0
Residential,1,WSP,WEST SPRINGS,WEST,DEVELOPING,BUILDING OUT,2015,,9529,3072,1100,0,0,2784,0,0,2351,180,1,25,514,0,1,0,0,0,0,0,0,0,0,23,19,51,2,0,0,0,1,0,3,0,0,0,0,179,167,401,1,0,0,0,0,0,0,0,0,0,0,1,0,2,0,0,0,0,0,0,0,0,0,0,0,494,426,1022,20,0,0,0,2290,2172,8050,47,11,3,0,350,726,562,1215,135,0,0,0,0,0,0,0,0,0,0,0,0,0,0,0,0,0,0,0,0,0,0,0,0,0,0,0,0,0,0,0,0
Residential,1,MAN,MANCHESTER,CENTRE,BUILT-OUT,EMPLOYMENT,2015,,1055,661,73,0,0,30,0,0,28,4,0,616,4,0,5,0,1,1,1,0,1,0,0,462,27,799,44,109,1,0,5,0,9,0,0,0,0,4,0,19,0,0,0,0,0,0,0,0,0,0,0,0,0,0,0,0,0,1,3,0,189,0,0,0,0,0,0,0,0,4,0,5,20,3,39,3,0,0,4,243,154,69,23,4,0,0,0,0,0,0,0,0,0,0,0,0,0,0,0,0,0,0,0,0,0,0,0,0,0,0,0,0,0,0,0,0
Residential,1,CFL,CFB - LINCOLN PARK PMQ,WEST,BUILT-OUT,BUILDING OUT,2015,,2031,730,255,0,0,489,0,0,262,72,0,252,141,0,1,0,0,0,2,0,0,0,3,214,119,340,2,0,33,0,1,0,2,0,0,0,0,71,29,222,1,0,0,0,0,0,0,0,0,0,0,0,0,0,0,0,0,0,2,0,323,0,0,0,0,138,120,310,3,0,0,0,254,221,834,4,0,4,2,170,231,103,166,10,0,0,0,0,0,0,0,0,0,0,0,0,0,0,0,0,0,0,0,0,0,0,0,0,0,0,0,0,0,0,0,0
Residential,1,SET,SETON,SOUTHEAST,DEVELOPING,BUILDING OUT,2015,,0,2,0,0,0,0,0,0,0,0,0,0,0,0,0,0,0,0,1,0,1,0,0,0,0,0,0,0,0,0,0,0,0,0,0,0,0,0,0,0,0,0,0,0,0,0,0,0,0,0,0,0,0,0,0,0,0,0,0,0,0,0,2,0,0,0,0,0,0,0,0,0,0,0,0,0,0,0,2,0,0,0,0,0,0,0,0,0,0,0,0,0,0,0,0,0,0,0,0,0,0,0,0,0,0,0,0,0,0,0,0,0,0,0,0,0
Industrial,2,ST3,STONEY 3,NORTHEAST,N/A,EMPLOYMENT,2015,,0,0,0,0,0,0,0,0,0,0,0,0,0,0,0,0,0,0,0,0,0,0,0,0,0,0,0,0,0,0,0,0,0,0,0,0,0,0,0,0,0,0,0,0,0,0,0,0,0,0,0,0,0,0,0,0,0,0,0,0,0,0,0,0,0,0,0,0,0,0,0,0,0,0,0,0,0,0,0,0,0,0,0,0,0,0,0,0,0,0,0,0,0,0,0,0,0,0,0,0,0,0,0,0,0,0,0,0,0,0,0,0,0,0,0,0
Industrial,2,FLI,FOREST LAWN INDUSTRIAL,EAST,N/A,EMPLOYMENT,2015,,131,62,1,0,0,55,0,0,0,0,0,0,0,60,0,0,0,0,0,1,1,0,0,0,0,0,0,0,0,0,0,0,0,0,0,0,0,0,0,0,0,0,0,1,59,55,101,0,0,0,0,0,0,0,0,0,0,0,2,0,30,0,0,0,0,0,0,0,0,0,0,0,0,0,0,0,0,0,2,29,21,6,3,2,0,0,0,0,0,0,0,0,0,0,0,0,0,0,0,0,0,0,0,0,0,0,0,0,0,0,0,0,0,0,0,0
Industrial,2,AYB,ALYTH/BONNYBROOK,CENTRE,N/A,EMPLOYMENT,2015,,11,13,0,0,0,0,0,0,10,0,0,0,0,0,0,0,2,0,0,0,1,0,0,0,0,0,0,0,0,0,0,0,0,0,0,0,0,0,0,0,0,0,0,0,0,0,0,0,0,0,0,0,0,0,0,0,0,1,2,0,6,0,0,0,0,0,0,0,0,0,0,6,3,0,5,1,0,0,3,2,2,0,1,0,0,0,0,0,0,0,0,0,0,0,0,0,0,0,0,0,0,0,0,0,0,0,0,0,0,0,0,0,0,0,0,0
Industrial,2,EFI,EASTFIELD,EAST,N/A,EMPLOYMENT,2015,,0,0,0,0,0,0,0,0,0,0,0,0,0,0,0,0,0,0,0,0,0,0,0,0,0,0,0,0,0,0,0,0,0,0,0,0,0,0,0,0,0,0,0,0,0,0,0,0,0,0,0,0,0,0,0,0,0,0,0,0,0,0,0,0,0,0,0,0,0,0,0,0,0,0,0,0,0,0,0,0,0,0,0,0,0,0,0,0,0,0,0,0,0,0,0,0,0,0,0,0,0,0,0,0,0,0,0,0,0,0,0,0,0,0,0,0
Industrial,2,VAF,VALLEYFIELD,EAST,N/A,EMPLOYMENT,2015,Y,0,3,0,0,0,0,0,0,3,0,0,0,0,0,0,0,0,0,0,0,0,0,0,0,0,0,0,0,0,0,0,0,0,0,0,0,0,0,0,0,0,0,0,0,0,0,0,0,0,0,0,0,0,0,0,0,0,0,0,0,0,0,0,0,0,0,0,0,0,0,0,0,3,0,0,0,0,0,0,0,0,0,0,0,0,0,0,0,0,0,0,0,0,0,0,0,0,0,0,0,0,0,0,0,0,0,0,0,0,0,0,0,0,0,0,0
Industrial,2,SKE,SKYLINE EAST,NORTHEAST,N/A,EMPLOYMENT,2015,,0,0,0,0,0,0,0,0,0,0,0,0,0,0,0,0,0,0,0,0,0,0,0,0,0,0,0,0,0,0,0,0,0,0,0,0,0,0,0,0,0,0,0,0,0,0,0,0,0,0,0,0,0,0,0,0,0,0,0,0,0,0,0,0,0,0,0,0,0,0,0,0,0,0,0,0,0,0,0,0,0,0,0,0,0,0,0,0,0,0,0,0,0,0,0,0,0,0,0,0,0,0,0,0,0,0,0,0,0,0,0,0,0,0,0,0
Residential,1,SHG,SHAGANAPPI,CENTRE,BUILT-OUT,1950s,2015,,1603,793,94,0,0,312,0,0,375,121,0,156,42,0,96,0,0,0,3,0,0,0,0,146,23,220,10,0,0,1,75,5,135,12,0,8,0,107,42,278,7,7,0,0,0,0,0,0,0,0,0,0,0,0,0,0,0,0,1,0,11,2,0,0,0,40,17,76,2,0,0,1,350,225,883,16,6,2,3,223,269,114,102,11,0,0,0,0,0,0,0,0,0,0,0,0,0,0,0,0,0,0,0,0,0,0,0,0,0,0,0,0,0,0,0,0
Industrial,2,ABP,AURORA BUSINESS PARK,NORTH,N/A,EMPLOYMENT,2015,,0,0,0,0,0,0,0,0,0,0,0,0,0,0,0,0,0,0,0,0,0,0,0,0,0,0,0,0,0,0,0,0,0,0,0,0,0,0,0,0,0,0,0,0,0,0,0,0,0,0,0,0,0,0,0,0,0,0,0,0,0,0,0,0,0,0,0,0,0,0,0,0,0,0,0,0,0,0,0,0,0,0,0,0,0,0,0,0,0,0,0,0,0,0,0,0,0,0,0,0,0,0,0,0,0,0,0,0,0,0,0,0,0,0,0,0
Industrial,2,BUR,BURNS INDUSTRIAL,CENTRE,N/A,EMPLOYMENT,2015,Y,0,2,0,0,0,0,0,0,0,0,0,0,0,0,0,0,1,0,0,0,1,0,0,0,0,0,0,0,0,0,0,0,0,0,0,0,0,0,0,0,0,0,0,0,0,0,0,0,0,0,0,0,0,0,0,0,0,0,2,0,0,0,0,0,0,0,0,0,0,0,0,0,0,0,0,0,0,0,2,0,0,0,0,0,0,0,0,0,0,0,0,0,0,0,0,0,0,0,0,0,0,0,0,0,0,0,0,0,0,0,0,0,0,0,0,0
Industrial,2,GBP,GLENDEER BUSINESS PARK,SOUTH,N/A,EMPLOYMENT,2015,,0,0,0,0,0,0,0,0,0,0,0,0,0,0,0,0,0,0,0,0,0,0,0,0,0,0,0,0,0,0,0,0,0,0,0,0,0,0,0,0,0,0,0,0,0,0,0,0,0,0,0,0,0,0,0,0,0,0,0,0,0,0,0,0,0,0,0,0,0,0,0,0,0,0,0,0,0,0,0,0,0,0,0,0,0,0,0,0,0,0,0,0,0,0,0,0,0,0,0,0,0,0,0,0,0,0,0,0,0,0,0,0,0,0,0,0
Industrial,2,DBC,DEERFOOT BUSINESS CENTRE,NORTHEAST,N/A,EMPLOYMENT,2015,,0,0,0,0,0,0,0,0,0,0,0,0,0,0,0,0,0,0,0,0,0,0,0,0,0,0,0,0,0,0,0,0,0,0,0,0,0,0,0,0,0,0,0,0,0,0,0,0,0,0,0,0,0,0,0,0,0,0,0,0,0,0,0,0,0,0,0,0,0,0,0,0,0,0,0,0,0,0,0,0,0,0,0,0,0,0,0,0,0,0,0,0,0,0,0,0,0,0,0,0,0,0,0,0,0,0,0,0,0,0,0,0,0,0,0,0
Industrial,2,SKW,SKYLINE WEST,NORTH,N/A,EMPLOYMENT,2015,,0,0,0,0,0,0,0,0,0,0,0,0,0,0,0,0,0,0,0,0,0,0,0,0,0,0,0,0,0,0,0,0,0,0,0,0,0,0,0,0,0,0,0,0,0,0,0,0,0,0,0,0,0,0,0,0,0,0,0,0,0,0,0,0,0,0,0,0,0,0,0,0,0,0,0,0,0,0,0,0,0,0,0,0,0,0,0,0,0,0,0,0,0,0,0,0,0,0,0,0,0,0,0,0,0,0,0,0,0,0,0,0,0,0,0,0
Residential,1,WIN,WINSTON HEIGHTS/MOUNTVIEW,CENTRE,BUILT-OUT,1950s,2015,,4035,1912,285,0,0,1035,0,0,840,341,3,127,182,166,248,0,2,1,1,0,1,0,0,121,1,135,6,0,0,1,202,4,295,23,0,22,1,306,177,746,15,19,0,0,161,137,288,5,0,0,0,3,3,6,0,0,0,0,4,0,300,1,0,0,0,179,121,413,3,0,0,0,795,592,1852,32,9,4,5,611,685,240,215,20,0,0,0,0,0,0,0,0,0,0,0,0,0,0,0,0,0,0,0,0,0,0,0,0,0,0,0,0,0,0,0,0
Residential,1,SSW,SCARBORO/ SUNALTA WEST,CENTRE,BUILT-OUT,1950s,2015,,390,165,32,0,0,126,0,0,162,0,0,0,0,0,3,0,0,0,0,0,0,0,0,0,0,0,0,0,0,0,2,0,3,0,0,1,0,0,0,0,0,0,0,0,0,0,0,0,0,0,0,0,0,0,0,0,0,0,0,0,0,0,0,0,0,0,0,0,0,0,0,0,148,126,387,8,4,2,0,26,57,33,31,3,0,0,0,0,0,0,0,0,0,0,0,0,0,0,0,0,0,0,0,0,0,0,0,0,0,0,0,0,0,0,0,0
Residential,1,CHK,CHINOOK PARK,SOUTH,BUILT-OUT,1950s,2015,,1702,589,90,0,0,476,0,0,490,0,0,96,0,0,2,0,0,0,1,0,0,0,0,92,16,240,4,0,0,0,2,0,4,0,0,0,0,0,0,0,0,0,0,0,0,0,0,0,0,0,0,0,0,0,0,0,0,0,1,0,126,0,0,0,0,0,0,0,0,0,0,0,485,460,1332,5,0,0,1,76,230,100,165,9,0,0,0,0,0,0,0,0,0,0,0,0,0,0,0,0,0,0,0,0,0,0,0,0,0,0,0,0,0,0,0,0
Residential,1,MEA,MEADOWLARK PARK,CENTRE,BUILT-OUT,1950s,2015,,651,277,44,0,0,224,0,0,276,0,0,0,0,0,1,0,0,0,0,0,0,0,0,0,0,0,0,0,0,0,0,0,0,1,0,0,0,0,0,0,0,0,0,0,0,0,0,0,0,0,0,0,0,0,0,0,0,0,0,0,0,0,0,0,0,0,0,0,0,0,0,1,264,224,651,10,1,0,0,53,116,39,51,5,0,0,0,0,0,0,0,0,0,0,0,0,0,0,0,0,0,0,0,0,0,0,0,0,0,0,0,0,0,0,0,0
Residential,1,FLN,FOREST LAWN,EAST,BUILT-OUT,1950s,2015,,8179,3394,661,0,0,978,0,0,1390,332,10,212,759,0,667,0,18,4,0,1,1,0,0,200,13,387,12,0,0,3,511,23,968,105,0,48,1,317,102,960,12,2,0,0,0,0,0,0,0,0,0,9,4,19,1,0,0,1,22,5,85,1,0,0,0,712,62,2057,26,20,1,4,1345,769,3703,39,1,1,24,711,1083,617,553,152,0,0,0,0,0,0,0,0,0,0,0,0,0,0,0,0,0,0,0,0,0,0,0,0,0,0,0,0,0,0,0,0
Residential,1,WIL,WILLOW PARK,SOUTH,BUILT-OUT,1960s/1970s,2015,,5423,2284,331,0,0,1778,0,0,1587,0,16,229,439,0,11,0,0,0,0,0,2,0,0,225,1,415,4,0,0,0,11,0,22,0,0,0,0,0,0,0,0,0,0,0,0,0,0,0,0,0,0,16,0,48,0,0,0,0,1,0,3,1,0,0,0,427,318,902,11,0,1,0,1564,1459,4033,21,2,0,2,517,907,367,419,34,0,0,0,0,0,0,0,0,0,0,0,0,0,0,0,0,0,0,0,0,0,0,0,0,0,0,0,0,0,0,0,0
Residential,1,PKD,PARKDALE,CENTRE,BUILT-OUT,1950s,2015,,2393,1071,166,0,0,557,0,0,492,178,22,197,55,0,124,0,0,1,2,0,0,0,0,159,95,224,7,31,0,0,95,3,141,21,0,8,0,153,113,413,17,8,0,0,0,0,0,0,0,0,0,20,1,34,2,0,0,0,3,3,379,0,0,0,1,46,32,83,8,0,0,0,449,310,1119,34,9,0,3,277,362,148,130,8,0,0,0,0,0,0,0,0,0,0,0,0,0,0,0,0,0,0,0,0,0,0,0,0,0,0,0,0,0,0,0,0
Residential,1,RMT,ROSEMONT,CENTRE,BUILT-OUT,1950s,2015,,1276,569,97,0,0,320,0,0,308,174,0,19,0,0,67,0,0,1,0,0,0,0,0,19,2,30,0,0,0,0,57,1,91,7,0,3,0,167,68,384,7,0,0,0,0,0,0,0,0,0,0,0,0,0,0,0,0,0,0,0,0,1,0,0,0,0,0,0,0,0,0,1,291,249,771,8,8,0,1,136,203,94,90,11,0,0,0,0,0,0,0,0,0,0,0,0,0,0,0,0,0,0,0,0,0,0,0,0,0,0,0,0,0,0,0,0
Residential,1,MPL,MAPLE RIDGE,SOUTH,BUILT-OUT,1960s/1970s,2015,,1938,817,103,0,0,745,0,0,807,0,0,0,0,0,10,0,0,0,0,0,0,0,0,0,0,0,0,0,0,0,8,0,11,1,0,1,0,0,0,0,0,0,0,0,0,0,0,0,0,0,0,0,0,0,0,0,0,0,0,0,0,0,0,0,0,0,0,0,0,0,0,0,787,745,1927,19,1,0,0,142,363,131,153,6,0,0,0,0,0,0,0,0,0,0,0,0,0,0,0,0,0,0,0,0,0,0,0,0,0,0,0,0,0,0,0,0
Residential,1,AUB,AUBURN BAY,SOUTHEAST,DEVELOPING,BUILDING OUT,2015,,13191,4979,2117,0,0,3574,0,0,3370,440,1,460,704,1,2,0,0,0,1,0,0,0,1,90,38,187,4,365,0,0,2,0,3,0,0,0,6,390,280,1016,7,37,0,0,1,1,4,0,0,0,0,1,0,1,0,0,0,0,1,0,97,0,0,0,4,634,356,1296,25,41,0,19,3171,2899,10587,41,139,0,1,415,1271,977,1481,146,0,0,0,0,0,0,0,0,0,0,0,0,0,0,0,0,0,0,0,0,0,0,0,0,0,0,0,0,0,0,0,0
Residential,1,CHA,CHAPARRAL,SOUTH,DEVELOPING,BUILDING OUT,2015,,13000,4160,1118,0,0,3776,0,0,3270,313,0,193,381,0,2,1,0,0,0,0,0,0,0,189,122,279,4,0,0,0,2,0,4,0,0,0,0,311,295,640,2,0,0,0,0,0,0,0,0,0,0,0,0,0,0,0,0,0,1,0,4,0,0,0,0,377,300,836,4,0,0,0,3213,3059,11237,18,38,1,1,446,1066,784,1616,181,0,0,0,0,0,0,0,0,0,0,0,0,0,0,0,0,0,0,0,0,0,0,0,0,0,0,0,0,0,0,0,0
Industrial,2,HIF,HIGHFIELD,CENTRE,N/A,EMPLOYMENT,2015,,0,0,0,0,0,0,0,0,0,0,0,0,0,0,0,0,0,0,0,0,0,0,0,0,0,0,0,0,0,0,0,0,0,0,0,0,0,0,0,0,0,0,0,0,0,0,0,0,0,0,0,0,0,0,0,0,0,0,0,0,0,0,0,0,0,0,0,0,0,0,0,0,0,0,0,0,0,0,0,0,0,0,0,0,0,0,0,0,0,0,0,0,0,0,0,0,0,0,0,0,0,0,0,0,0,0,0,0,0,0,0,0,0,0,0,0
Industrial,2,OSH,OGDEN SHOPS,EAST,N/A,EMPLOYMENT,2015,,0,0,0,0,0,0,0,0,0,0,0,0,0,0,0,0,0,0,0,0,0,0,0,0,0,0,0,0,0,0,0,0,0,0,0,0,0,0,0,0,0,0,0,0,0,0,0,0,0,0,0,0,0,0,0,0,0,0,0,0,0,0,0,0,0,0,0,0,0,0,0,0,0,0,0,0,0,0,0,0,0,0,0,0,0,0,0,0,0,0,0,0,0,0,0,0,0,0,0,0,0,0,0,0,0,0,0,0,0,0,0,0,0,0,0,0
Industrial,2,ESH,EAST SHEPARD INDUSTRIAL,SOUTHEAST,N/A,EMPLOYMENT,2015,,0,1,0,0,0,0,0,0,1,0,0,0,0,0,0,0,0,0,0,0,0,0,0,0,0,0,0,0,0,0,0,0,0,0,0,0,0,0,0,0,0,0,0,0,0,0,0,0,0,0,0,0,0,0,0,0,0,0,0,0,0,0,0,0,0,0,0,0,0,0,0,1,0,0,0,0,0,0,0,0,0,0,0,0,0,0,0,0,0,0,0,0,0,0,0,0,0,0,0,0,0,0,0,0,0,0,0,0,0,0,0,0,0,0,0,0
Industrial,2,WES,WESTWINDS,NORTHEAST,N/A,EMPLOYMENT,2015,,0,0,0,0,0,0,0,0,0,0,0,0,0,0,0,0,0,0,0,0,0,0,0,0,0,0,0,0,0,0,0,0,0,0,0,0,0,0,0,0,0,0,0,0,0,0,0,0,0,0,0,0,0,0,0,0,0,0,0,0,0,0,0,0,0,0,0,0,0,0,0,0,0,0,0,0,0,0,0,0,0,0,0,0,0,0,0,0,0,0,0,0,0,0,0,0,0,0,0,0,0,0,0,0,0,0,0,0,0,0,0,0,0,0,0,0
Industrial,2,MCI,MCCALL,NORTHEAST,N/A,EMPLOYMENT,2015,,0,0,0,0,0,0,0,0,0,0,0,0,0,0,0,0,0,0,0,0,0,0,0,0,0,0,0,0,0,0,0,0,0,0,0,0,0,0,0,0,0,0,0,0,0,0,0,0,0,0,0,0,0,0,0,0,0,0,0,0,0,0,0,0,0,0,0,0,0,0,0,0,0,0,0,0,0,0,0,0,0,0,0,0,0,0,0,0,0,0,0,0,0,0,0,0,0,0,0,0,0,0,0,0,0,0,0,0,0,0,0,0,0,0,0,0
Industrial,2,PEG,PEGASUS,NORTHEAST,N/A,EMPLOYMENT,2015,Y,0,1,0,0,0,0,0,0,0,0,0,0,0,0,0,0,0,0,0,0,1,0,0,0,0,0,0,0,0,0,0,0,0,0,0,0,0,0,0,0,0,0,0,0,0,0,0,0,0,0,0,0,0,0,0,0,0,0,1,0,0,0,0,0,0,0,0,0,0,0,0,0,0,0,0,0,0,0,1,0,0,0,0,0,0,0,0,0,0,0,0,0,0,0,0,0,0,0,0,0,0,0,0,0,0,0,0,0,0,0,0,0,0,0,0,0
Industrial,2,SUN,SUNRIDGE,NORTHEAST,N/A,EMPLOYMENT,2015,,86,7,0,0,0,0,0,0,0,0,0,0,0,0,0,0,0,0,1,0,6,0,0,0,0,0,0,0,0,0,0,0,0,0,0,0,0,0,0,0,0,0,0,0,0,0,0,0,0,0,0,0,0,0,0,0,0,0,5,0,86,2,0,0,0,0,0,0,0,0,0,0,0,0,0,0,0,0,7,1,0,0,0,4,0,0,0,0,0,0,0,0,0,0,0,0,0,0,0,0,0,0,0,0,0,0,0,0,0,0,0,0,0,0,0,0
Industrial,2,FRA,FRANKLIN,NORTHEAST,N/A,EMPLOYMENT,2015,Y,0,3,0,0,0,0,0,0,0,0,0,0,0,0,0,0,0,2,0,0,1,0,0,0,0,0,0,0,0,0,0,0,0,0,0,0,0,0,0,0,0,0,0,0,0,0,0,0,0,0,0,0,0,0,0,0,0,0,2,0,0,1,0,0,0,0,0,0,0,0,0,0,0,0,0,0,0,0,3,0,0,0,0,0,0,0,0,0,0,0,0,0,0,0,0,0,0,0,0,0,0,0,0,0,0,0,0,0,0,0,0,0,0,0,0,0
Industrial,2,CIA,CALGARY INTERNATIONAL AIRPORT,NORTHEAST,N/A,OTHER,2015,Y,0,3,0,0,0,0,0,0,1,0,0,0,0,0,0,0,0,0,0,0,2,0,0,0,0,0,0,0,0,0,0,0,0,0,0,0,0,0,0,0,0,0,0,0,0,0,0,0,0,0,0,0,0,0,0,0,0,0,1,0,0,1,0,0,0,0,0,0,0,0,0,0,1,1,0,0,0,0,2,0,0,0,0,0,0,0,0,0,0,0,0,0,0,0,0,0,0,0,0,0,0,0,0,0,0,0,0,0,0,0,0,0,0,0,0,0
Industrial,2,GTI,GOLDEN TRIANGLE,EAST,N/A,EMPLOYMENT,2015,Y,0,1,0,0,0,0,0,0,0,0,0,0,0,0,0,0,0,1,0,0,0,0,0,0,0,0,0,0,0,0,0,0,0,0,0,0,0,0,0,0,0,0,0,0,0,0,0,0,0,0,0,0,0,0,0,0,0,0,1,0,0,0,0,0,0,0,0,0,0,0,0,0,0,0,0,0,0,0,1,0,0,0,0,0,0,0,0,0,0,0,0,0,0,0,0,0,0,0,0,0,0,0,0,0,0,0,0,0,0,0,0,0,0,0,0,0
Residential,1,CPF,COPPERFIELD,SOUTHEAST,DEVELOPING,BUILDING OUT,2015,,11434,4538,1724,0,0,3511,0,0,2951,51,0,776,752,0,7,1,0,0,0,0,0,0,7,463,386,892,11,295,0,0,6,0,12,1,0,0,0,51,39,149,0,0,0,0,0,0,0,0,0,0,0,0,0,0,0,0,0,0,0,0,0,0,1,0,6,611,490,1360,18,117,0,8,2837,2596,9021,21,82,3,1,519,1303,897,1113,136,0,0,0,0,0,0,0,0,0,0,0,0,0,0,0,0,0,0,0,0,0,0,0,0,0,0,0,0,0,0,0,0
Industrial,2,S23,SECTION 23,SOUTHEAST,N/A,EMPLOYMENT,2015,,0,1,0,0,0,0,0,0,1,0,0,0,0,0,0,0,0,0,0,0,0,0,0,0,0,0,0,0,0,0,0,0,0,0,0,0,0,0,0,0,0,0,0,0,0,0,0,0,0,0,0,0,0,0,0,0,0,0,0,0,0,0,0,0,0,0,0,0,0,0,0,1,0,0,0,0,0,0,0,0,0,0,0,0,0,0,0,0,0,0,0,0,0,0,0,0,0,0,0,0,0,0,0,0,0,0,0,0,0,0,0,0,0,0,0,0
Industrial,2,SFH,SOUTH FOOTHILLS,SOUTHEAST,N/A,EMPLOYMENT,2015,Y,0,3,0,0,0,0,0,0,3,0,0,0,0,0,0,0,0,0,0,0,0,0,0,0,0,0,0,0,0,0,0,0,0,0,0,0,0,0,0,0,0,0,0,0,0,0,0,0,0,0,0,0,0,0,0,0,0,0,0,0,0,0,0,0,0,0,0,0,0,0,0,1,1,0,0,1,0,0,0,0,0,0,0,0,0,0,0,0,0,0,0,0,0,0,0,0,0,0,0,0,0,0,0,0,0,0,0,0,0,0,0,0,0,0,0,0
Industrial,2,SAW,SOUTH AIRWAYS,NORTHEAST,N/A,EMPLOYMENT,2015,Y,0,2,0,0,0,0,0,0,0,0,0,0,0,0,0,0,1,0,0,0,1,0,0,0,0,0,0,0,0,0,0,0,0,0,0,0,0,0,0,0,0,0,0,0,0,0,0,0,0,0,0,0,0,0,0,0,0,0,2,0,0,0,0,0,0,0,0,0,0,0,0,0,0,0,0,0,0,0,2,0,0,0,0,0,0,0,0,0,0,0,0,0,0,0,0,0,0,0,0,0,0,0,0,0,0,0,0,0,0,0,0,0,0,0,0,0
Residential,1,CLI,CLIFF BUNGALOW,CENTRE,BUILT-OUT,INNER CITY,2015,,2125,1340,135,0,0,305,0,0,167,15,0,941,71,0,144,0,0,0,0,1,1,0,3,916,200,1388,22,0,0,2,131,2,181,7,0,4,0,15,4,34,0,0,0,0,0,0,0,0,0,0,0,0,0,0,0,0,0,0,2,0,48,0,0,0,0,65,28,112,2,4,0,5,156,71,362,4,2,0,2,666,501,75,40,3,0,0,0,0,0,0,0,0,0,0,0,0,0,0,0,0,0,0,0,0,0,0,0,0,0,0,0,0,0,0,0,0
Residential,1,RIV,RIVERBEND,SOUTHEAST,BUILT-OUT,1980s/1990s,2015,,9612,3452,517,0,0,3105,0,0,3241,42,0,0,150,0,19,0,0,0,0,0,0,0,0,0,0,0,0,0,0,1,16,1,30,1,0,1,0,42,40,74,0,0,0,0,0,0,0,0,0,0,0,0,0,0,0,0,0,0,0,0,0,0,0,0,0,145,131,258,5,0,0,1,3224,2933,9250,16,0,0,0,430,1286,728,862,121,0,0,0,0,0,0,0,0,0,0,0,0,0,0,0,0,0,0,0,0,0,0,0,0,0,0,0,0,0,0,0,0
Residential,1,CHN,CHINATOWN,CENTRE,BUILT-OUT,CENTRE CITY,2015,,1906,1603,48,0,0,318,0,0,0,0,0,1583,4,1,0,15,0,0,0,0,0,0,49,1244,314,1884,35,255,0,0,0,0,0,0,0,0,0,0,0,0,0,0,0,0,0,0,0,1,0,0,0,0,0,0,0,0,0,0,15,0,15,0,0,0,0,4,4,7,0,0,0,0,0,0,0,0,0,0,15,759,405,66,33,0,0,0,0,0,0,0,0,0,0,0,0,0,0,0,0,0,0,0,0,0,0,0,0,0,0,0,0,0,0,0,0,0
Residential,1,TEM,TEMPLE,NORTHEAST,BUILT-OUT,1960s/1970s,2015,,11433,3675,935,0,0,2564,0,0,2300,608,0,117,425,0,223,0,0,1,0,1,0,0,0,113,0,271,4,0,0,0,187,17,451,23,0,13,0,595,355,1851,11,0,2,0,0,0,0,0,0,0,0,0,0,0,0,0,0,1,1,1,2,0,0,0,1,413,261,1212,10,0,1,0,2270,1930,7646,26,3,1,2,384,1091,734,1066,304,0,0,0,0,0,0,0,0,0,0,0,0,0,0,0,0,0,0,0,0,0,0,0,0,0,0,0,0,0,0,0,0
Residential,1,BRA,BRAESIDE,SOUTH,BUILT-OUT,1960s/1970s,2015,,6049,2550,424,0,0,1928,0,0,1401,76,0,160,899,0,14,0,0,0,0,0,0,0,0,154,101,264,6,0,0,0,10,1,15,4,0,0,0,72,34,122,4,0,0,0,0,0,0,0,0,0,0,0,0,0,0,0,0,0,0,0,0,0,0,0,0,892,529,1934,7,0,0,0,1386,1263,3714,15,0,0,0,550,1033,468,424,39,0,0,0,0,0,0,0,0,0,0,0,0,0,0,0,0,0,0,0,0,0,0,0,0,0,0,0,0,0,0,0,0
Residential,1,MON,MONTGOMERY,NORTHWEST,BUILT-OUT,1950s,2015,,4246,1927,324,0,0,973,0,0,1007,475,0,131,103,0,198,0,5,1,2,0,5,0,0,122,30,186,9,0,0,0,165,8,280,21,2,10,3,423,268,1090,25,24,0,0,0,0,0,0,0,0,0,0,0,0,0,0,0,0,10,0,274,3,0,0,0,96,33,261,1,6,0,2,944,634,2155,51,9,1,13,488,684,326,238,24,0,0,0,0,0,0,0,0,0,0,0,0,0,0,0,0,0,0,0,0,0,0,0,0,0,0,0,0,0,0,0,0
Residential,1,HAR,HARVEST HILLS,NORTH,BUILT-OUT,1980s/1990s,2015,,7593,2575,506,0,0,2186,0,0,2095,106,0,165,182,1,25,0,0,0,1,0,0,0,1,160,116,278,4,0,0,0,23,4,37,2,0,0,0,105,94,174,1,0,0,0,0,0,0,1,0,0,0,0,0,0,0,0,0,0,1,0,60,0,0,0,0,181,144,399,1,0,0,0,2080,1828,6645,15,0,0,1,358,765,544,770,113,0,0,0,0,0,0,0,0,0,0,0,0,0,0,0,0,0,0,0,0,0,0,0,0,0,0,0,0,0,0,0,0
Residential,1,OGD,OGDEN,SOUTHEAST,BUILT-OUT,1950s,2015,,8847,3892,598,0,0,2192,0,0,2165,513,0,331,549,0,324,0,4,3,1,0,2,0,0,325,1,574,6,0,0,2,265,18,456,33,0,24,0,501,259,1341,12,0,0,0,0,0,0,0,0,0,0,0,0,0,0,0,0,0,9,0,126,1,0,0,0,538,250,1249,11,0,0,2,2106,1664,5101,48,2,7,10,1028,1438,652,531,95,0,0,0,0,0,0,0,0,0,0,0,0,0,0,0,0,0,0,0,0,0,0,0,0,0,0,0,0,0,0,0,0
Residential,1,KEL,KELVIN GROVE,SOUTH,BUILT-OUT,1960s/1970s,2015,,2234,902,117,0,0,447,0,0,354,16,0,504,26,0,0,0,0,0,2,0,0,0,0,414,80,766,90,0,0,0,0,0,0,0,0,0,0,16,16,22,0,0,0,0,0,0,0,0,0,0,0,0,0,0,0,0,0,0,2,0,398,0,0,0,0,21,19,45,5,0,0,0,340,332,1003,13,1,0,2,235,282,108,161,7,0,0,0,0,0,0,0,0,0,0,0,0,0,0,0,0,0,0,0,0,0,0,0,0,0,0,0,0,0,0,0,0
Residential,1,PEN,PENBROOKE MEADOWS,EAST,BUILT-OUT,1960s/1970s,2015,,8864,3305,703,0,0,1894,0,0,1614,380,0,169,681,0,461,0,0,0,0,0,0,0,0,155,32,312,14,0,0,13,349,24,738,54,0,45,0,366,184,1182,14,0,0,0,0,0,0,0,0,0,0,0,0,0,0,0,0,0,0,0,0,0,0,0,1,653,414,1811,26,0,1,1,1590,1240,4821,21,2,0,0,483,1069,671,714,175,0,0,0,0,0,0,0,0,0,0,0,0,0,0,0,0,0,0,0,0,0,0,0,0,0,0,0,0,0,0,0,0
Residential,1,SHS,SHAWNEE SLOPES,SOUTH,BUILT-OUT,1980s/1990s,2015,,1597,866,65,0,0,606,0,0,404,96,0,318,48,0,0,0,0,0,0,0,0,0,0,141,97,218,5,172,0,0,0,0,0,0,0,0,0,94,92,168,2,0,0,0,0,0,0,0,0,0,0,0,0,0,0,0,0,0,0,0,0,0,0,0,1,43,35,70,4,0,0,1,396,382,1141,7,0,0,0,142,319,92,110,11,0,0,0,0,0,0,0,0,0,0,0,0,0,0,0,0,0,0,0,0,0,0,0,0,0,0,0,0,0,0,0,0
Residential,1,MPK,MARLBOROUGH PARK,NORTHEAST,BUILT-OUT,1960s/1970s,2015,,8878,3105,677,0,0,2181,0,0,2064,75,0,58,630,0,278,0,0,0,0,0,0,0,0,58,43,85,0,0,0,1,222,18,480,28,1,26,0,74,35,187,1,0,0,0,0,0,0,0,0,0,0,0,0,0,0,0,0,0,0,0,0,0,0,0,0,619,421,1740,11,0,0,2,2032,1664,6386,25,2,3,0,472,953,631,747,201,0,0,0,0,0,0,0,0,0,0,0,0,0,0,0,0,0,0,0,0,0,0,0,0,0,0,0,0,0,0,0,0
Residential,1,NEB,NEW BRIGHTON,SOUTHEAST,DEVELOPING,BUILDING OUT,2015,,11229,4146,1522,0,0,3405,0,0,3149,142,0,204,643,0,7,0,0,1,0,0,0,0,0,68,53,127,4,132,0,0,0,0,0,2,5,0,0,142,111,366,0,0,0,0,0,0,0,0,0,0,0,0,0,0,0,0,0,0,1,1,2,0,0,0,1,577,432,1215,14,51,0,6,3027,2808,9519,60,55,1,1,450,1264,802,1164,135,0,0,0,0,0,0,0,0,0,0,0,0,0,0,0,0,0,0,0,0,0,0,0,0,0,0,0,0,0,0,0,0
Residential,1,MAL,MAYLAND HEIGHTS,NORTHEAST,BUILT-OUT,1960s/1970s,2015,,6157,2808,532,0,0,1386,0,0,1302,330,22,620,285,0,247,0,0,1,0,0,1,0,1,596,175,1063,23,0,0,0,189,8,310,15,0,43,0,321,132,786,6,1,2,0,0,0,0,0,0,0,0,19,1,50,2,0,0,1,0,0,0,1,0,0,0,276,19,790,9,0,0,0,1277,1051,3158,22,2,1,2,734,1041,473,382,47,0,0,0,0,0,0,0,0,0,0,0,0,0,0,0,0,0,0,0,0,0,0,0,0,0,0,0,0,0,0,0,0
Residential,1,WND,WINDSOR PARK,CENTRE,BUILT-OUT,1950s,2015,,4501,2443,214,0,0,892,0,0,336,343,46,1528,85,0,99,0,0,4,0,0,2,0,8,1460,417,2361,60,0,0,0,95,1,180,3,0,1,0,322,160,801,11,10,0,0,0,0,0,0,0,0,0,44,5,126,2,0,0,0,6,3,50,0,0,0,0,81,58,153,4,0,0,1,327,248,830,5,3,0,6,930,927,262,207,9,0,0,0,0,0,0,0,0,0,0,0,0,0,0,0,0,0,0,0,0,0,0,0,0,0,0,0,0,0,0,0,0
Residential,1,WHI,WHITEHORN,NORTHEAST,BUILT-OUT,1960s/1970s,2015,,12421,3944,1037,0,0,2409,0,0,2545,665,1,60,117,0,555,0,0,0,1,0,0,0,0,55,35,78,5,0,0,1,413,35,990,91,2,48,0,641,368,2157,24,0,0,0,0,0,0,0,0,0,0,1,1,5,0,0,0,0,1,0,175,0,0,0,0,112,62,284,5,0,0,5,2489,1908,8732,42,5,4,1,445,963,758,1170,376,0,0,0,0,0,0,0,0,0,0,0,0,0,0,0,0,0,0,0,0,0,0,0,0,0,0,0,0,0,0,0,0
Residential,1,SVO,SILVERADO,SOUTH,DEVELOPING,BUILDING OUT,2015,,6827,2377,861,0,0,2059,0,0,1745,120,1,138,370,0,2,1,0,0,0,0,0,0,0,124,102,229,14,0,0,0,2,2,2,0,0,0,0,119,108,369,1,0,0,0,0,0,0,0,0,0,0,1,1,2,0,0,0,0,1,1,3,0,0,0,4,295,264,675,13,58,0,1,1717,1581,5547,16,11,0,1,235,672,560,690,102,0,0,0,0,0,0,0,0,0,0,0,0,0,0,0,0,0,0,0,0,0,0,0,0,0,0,0,0,0,0,0,0
Residential,1,MAC,MACEWAN GLEN,NORTH,BUILT-OUT,1980s/1990s,2015,,5029,1783,367,0,0,1531,0,0,1515,66,0,0,185,0,17,0,0,0,0,0,0,0,0,0,0,0,0,0,0,0,17,4,33,0,0,0,0,63,38,178,3,0,0,0,0,0,0,0,0,0,0,0,0,0,0,0,0,0,0,0,0,0,0,0,0,182,109,415,3,0,0,0,1506,1380,4403,9,0,0,0,214,613,420,468,53,0,0,0,0,0,0,0,0,0,0,0,0,0,0,0,0,0,0,0,0,0,0,0,0,0,0,0,0,0,0,0,0
Residential,1,CRM,CRESTMONT,WEST,BUILT-OUT,2000s,2015,,1542,483,155,0,0,448,0,0,483,0,0,0,0,0,0,0,0,0,0,0,0,0,0,0,0,0,0,0,0,0,0,0,0,0,0,0,0,0,0,0,0,0,0,0,0,0,0,0,0,0,0,0,0,0,0,0,0,0,0,0,0,0,0,0,0,0,0,0,0,0,0,0,471,448,1542,7,2,3,0,27,130,107,180,27,0,0,0,0,0,0,0,0,0,0,0,0,0,0,0,0,0,0,0,0,0,0,0,0,0,0,0,0,0,0,0,0
Residential,1,SIL,SILVER SPRINGS,NORTHWEST,BUILT-OUT,1960s/1970s,2015,,8959,3531,593,0,0,2907,0,0,2550,209,0,240,514,0,18,0,0,0,0,0,0,0,0,220,0,456,20,0,0,0,16,2,26,2,0,0,0,206,128,538,3,0,0,0,0,0,0,0,0,0,0,0,0,0,0,0,0,0,0,0,0,0,0,0,0,507,385,1092,7,0,0,0,2523,2392,6847,27,0,0,0,591,1443,607,767,64,0,0,0,0,0,0,0,0,0,0,0,0,0,0,0,0,0,0,0,0,0,0,0,0,0,0,0,0,0,0,0,0
Residential,1,SCE,SCENIC ACRES,NORTHWEST,BUILT-OUT,2000s,2015,,8542,2927,405,0,0,2773,0,0,2667,162,0,0,75,0,9,0,0,0,1,13,0,0,0,0,0,0,0,0,0,0,8,2,14,1,0,0,0,161,155,264,1,0,0,0,0,0,0,0,0,0,0,0,0,0,0,0,0,0,12,0,176,0,0,2,0,74,67,144,1,0,0,2,2643,2549,7944,20,0,2,14,304,1055,581,864,94,0,0,0,0,0,0,0,0,0,0,0,0,0,0,0,0,0,0,0,0,0,0,0,0,0,0,0,0,0,0,0,0
Residential,1,BOW,BOWNESS,NORTHWEST,BUILT-OUT,1950s,2015,,11235,5301,781,0,0,2527,0,0,2377,859,61,677,852,1,455,4,2,5,1,0,7,0,1,652,130,947,24,0,0,0,397,32,716,46,2,10,1,828,356,2116,25,3,2,0,1,1,2,0,0,0,0,58,9,94,3,0,0,0,18,9,242,1,0,0,0,834,207,1784,18,0,0,2,2273,1783,5334,74,22,6,19,1568,1948,850,636,56,0,0,0,0,0,0,0,0,0,0,0,0,0,0,0,0,0,0,0,0,0,0,0,0,0,0,0,0,0,0,0,0
Residual Sub Area,4,01B,01B,NORTHWEST,N/A,UNDEVELOPED,2015,Y,0,1,0,0,0,0,0,0,0,0,0,0,0,1,0,0,0,0,0,0,0,0,0,0,0,0,0,0,0,0,0,0,0,0,0,0,0,0,0,0,0,0,0,0,1,0,0,0,0,0,0,0,0,0,0,0,0,0,0,0,0,0,0,0,0,0,0,0,0,0,0,0,0,0,0,0,0,0,0,0,0,0,0,0,0,0,0,0,0,0,0,0,0,0,0,0,0,0,0,0,0,0,0,0,0,0,0,0,0,0,0,0,0,0,0,0
Residential,1,DRG,DEER RIDGE,SOUTH,BUILT-OUT,1980s/1990s,2015,,4316,1507,385,0,0,1147,0,0,857,140,0,0,493,0,15,0,0,0,1,0,1,0,0,0,0,0,0,0,0,0,15,0,25,0,0,0,0,139,74,433,1,0,0,0,0,0,0,0,0,0,0,0,0,0,0,0,0,0,2,0,96,0,0,0,0,487,287,1332,6,0,0,0,855,786,2430,2,0,0,2,204,492,390,367,45,0,0,0,0,0,0,0,0,0,0,0,0,0,0,0,0,0,0,0,0,0,0,0,0,0,0,0,0,0,0,0,0
Residential,1,MOP,MOUNT PLEASANT,CENTRE,BUILT-OUT,INNER CITY,2015,,5617,2749,362,0,0,1426,0,0,1482,606,13,135,86,0,393,0,33,1,0,0,0,0,1,119,29,179,15,0,0,0,326,21,492,46,0,21,3,549,391,1393,22,31,1,0,0,0,0,0,0,0,0,8,5,22,0,5,5,0,1,0,2,1,31,1,0,82,72,123,4,0,0,6,1390,908,3406,53,33,0,34,648,1031,406,369,21,0,0,0,0,0,0,0,0,0,0,0,0,0,0,0,0,0,0,0,0,0,0,0,0,0,0,0,0,0,0,0,0
Residential,1,EVE,EVERGREEN,SOUTH,DEVELOPING,BUILDING OUT,2015,,21700,7108,2110,0,0,6174,0,0,5329,337,0,781,642,0,17,0,0,0,2,0,0,0,10,727,534,1183,37,6,1,0,13,1,40,4,0,0,0,336,290,809,1,0,0,0,0,0,0,0,0,0,0,0,0,0,0,0,0,0,1,0,159,0,1,0,0,624,423,1595,18,0,0,1,5300,4926,17914,27,1,0,2,890,1890,1549,2315,357,0,0,0,0,0,0,0,0,0,0,0,0,0,0,0,0,0,0,0,0,0,0,0,0,0,0,0,0,0,0,0,0
Residential,1,MAH,MAHOGANY,SOUTHEAST,DEVELOPING,BUILDING OUT,2015,,4960,2339,852,0,0,1604,0,0,1637,207,0,288,206,1,0,0,0,0,0,0,0,0,5,139,114,222,144,0,0,0,0,0,0,0,0,0,4,133,119,309,5,65,0,0,0,0,0,1,0,0,0,0,0,0,0,0,0,0,0,0,0,0,0,0,6,137,115,280,21,42,0,27,1293,1256,4149,14,303,0,0,214,576,340,512,60,0,0,0,0,0,0,0,0,0,0,0,0,0,0,0,0,0,0,0,0,0,0,0,0,0,0,0,0,0,0,0,0
Residential,1,SPR,SPRUCE CLIFF,WEST,BUILT-OUT,1950s,2015,,4677,2434,296,0,0,1029,0,0,320,117,0,1770,141,0,84,0,0,1,1,0,0,0,13,1680,716,2762,77,0,0,0,67,4,123,6,0,11,0,106,57,250,7,3,1,0,0,0,0,0,0,0,0,0,0,0,0,0,0,0,2,0,238,0,0,0,1,134,25,554,6,0,0,1,299,227,750,12,8,0,2,960,866,245,176,41,0,0,0,0,0,0,0,0,0,0,0,0,0,0,0,0,0,0,0,0,0,0,0,0,0,0,0,0,0,0,0,0
Residential,1,PKL,PARKLAND,SOUTH,BUILT-OUT,1960s/1970s,2015,,3780,1445,216,0,0,1360,0,0,1351,10,0,70,14,0,0,0,0,0,0,0,0,0,0,63,54,91,7,0,0,0,0,0,0,0,0,0,0,9,8,15,1,0,0,0,0,0,0,0,0,0,0,0,0,0,0,0,0,0,0,0,0,0,0,0,0,13,10,22,1,0,0,0,1334,1288,3652,17,0,0,0,177,626,248,341,27,0,0,0,0,0,0,0,0,0,0,0,0,0,0,0,0,0,0,0,0,0,0,0,0,0,0,0,0,0,0,0,0
Residential,1,CAS,CASTLERIDGE,NORTHEAST,BUILT-OUT,1980s/1990s,2015,,6475,1989,560,0,0,1189,0,0,1458,226,0,120,0,0,185,0,0,0,0,0,0,0,0,115,0,184,5,0,0,0,166,6,398,18,0,1,0,222,127,758,4,0,0,0,0,0,0,0,0,0,0,0,0,0,0,0,0,0,0,0,0,0,0,0,0,0,0,0,0,0,0,0,1440,1056,5135,16,0,2,0,242,501,364,625,211,0,0,0,0,0,0,0,0,0,0,0,0,0,0,0,0,0,0,0,0,0,0,0,0,0,0,0,0,0,0,0,0
Residential,1,KIN,KINGSLAND,SOUTH,BUILT-OUT,1950s,2015,,4733,2382,289,0,0,789,0,0,659,194,1,1254,189,0,84,0,0,0,0,0,1,0,3,1197,130,2056,54,0,0,0,66,1,124,10,0,8,1,190,49,513,2,0,1,0,0,0,0,0,0,0,0,1,0,5,0,0,0,0,1,0,2,0,0,0,0,176,101,424,13,0,0,0,636,508,1609,21,2,0,1,827,829,319,263,29,0,0,0,0,0,0,0,0,0,0,0,0,0,0,0,0,0,0,0,0,0,0,0,0,0,0,0,0,0,0,0,0
Residential,1,DAL,DALHOUSIE,NORTHWEST,BUILT-OUT,1960s/1970s,2015,,9362,3742,572,0,0,2329,0,0,1932,307,0,862,569,0,71,0,1,0,0,0,0,0,1,832,301,1398,28,0,1,0,60,3,133,8,0,3,0,302,117,934,5,0,0,0,0,0,0,0,0,0,0,0,0,0,0,0,0,0,1,1,1,0,0,0,1,558,228,1501,10,0,0,0,1897,1679,5395,32,3,0,1,834,1298,644,758,116,0,0,0,0,0,0,0,0,0,0,0,0,0,0,0,0,0,0,0,0,0,0,0,0,0,0,0,0,0,0,0,0
Residential,1,PAL,PALLISER,SOUTH,BUILT-OUT,1960s/1970s,2015,,3516,1840,179,0,0,1038,0,0,468,184,156,710,319,0,3,0,0,0,0,0,0,0,4,570,186,957,134,0,2,0,3,0,3,0,0,0,0,180,173,325,4,0,0,0,0,0,0,0,0,0,0,148,0,306,8,0,0,0,0,0,0,0,0,0,0,315,243,650,4,0,0,0,459,436,1275,8,1,0,0,602,640,205,209,19,0,0,0,0,0,0,0,0,0,0,0,0,0,0,0,0,0,0,0,0,0,0,0,0,0,0,0,0,0,0,0,0
Residential,1,ALB,ALBERT PARK/RADISSON HEIGHTS,EAST,BUILT-OUT,1950s,2015,,6611,2965,529,0,0,890,0,0,929,455,26,750,343,0,462,0,0,0,0,0,0,0,1,629,116,1228,90,30,0,1,367,9,663,84,0,10,2,428,154,1251,22,2,1,0,0,0,0,0,0,0,0,19,6,40,5,2,2,0,0,0,0,0,0,0,3,332,8,1065,8,0,0,1,886,597,2364,34,3,5,0,714,895,508,444,100,0,0,0,0,0,0,0,0,0,0,0,0,0,0,0,0,0,0,0,0,0,0,0,0,0,0,0,0,0,0,0,0
Residential,1,NGM,NORTH GLENMORE PARK,WEST,BUILT-OUT,1950s,2015,,2386,1009,142,0,0,737,0,0,799,110,3,46,0,0,48,0,1,2,0,0,0,0,0,46,0,81,0,0,0,0,44,2,72,4,0,0,0,100,50,235,9,1,0,0,0,0,0,0,0,0,0,3,0,7,0,0,0,0,3,2,3,0,0,0,0,0,0,0,0,0,0,0,765,683,1988,26,8,0,3,211,377,163,192,18,0,0,0,0,0,0,0,0,0,0,0,0,0,0,0,0,0,0,0,0,0,0,0,0,0,0,0,0,0,0,0,0
Residential,1,ALT,ALTADORE,CENTRE,BUILT-OUT,INNER CITY,2015,,9867,4526,908,0,0,2854,0,0,1794,765,20,1007,731,0,185,0,16,5,1,0,2,0,4,975,380,1382,28,0,0,0,154,3,231,23,0,8,0,698,562,1851,38,28,1,0,0,0,0,0,0,0,0,19,5,31,1,0,0,1,17,2,216,6,0,0,0,690,506,1443,23,18,0,1,1670,1396,4713,86,34,3,24,1294,1485,626,767,51,0,0,0,0,0,0,0,0,0,0,0,0,0,0,0,0,0,0,0,0,0,0,0,0,0,0,0,0,0,0,0,0
Residential,1,QPK,QUEENS PARK VILLAGE,CENTRE,BUILT-OUT,1950s,2015,,486,188,53,0,0,1,0,0,0,0,0,0,188,0,0,0,0,0,0,0,0,0,0,0,0,0,0,0,0,0,0,0,0,0,0,0,0,0,0,0,0,0,0,0,0,0,0,0,0,0,0,0,0,0,0,0,0,0,0,0,0,0,0,0,0,184,1,486,3,0,1,0,0,0,0,0,0,0,0,28,62,56,36,2,0,0,0,0,0,0,0,0,0,0,0,0,0,0,0,0,0,0,0,0,0,0,0,0,0,0,0,0,0,0,0,0
Residential,1,CHW,CHARLESWOOD,NORTHWEST,BUILT-OUT,1950s,2015,,3669,1484,213,0,0,1113,0,0,1296,34,0,118,0,0,35,0,0,0,0,1,0,0,0,116,0,175,2,0,0,0,29,0,62,3,1,2,0,34,15,92,0,0,0,0,0,0,0,0,0,0,0,0,0,0,0,0,0,0,0,0,0,1,0,0,0,0,0,0,0,0,0,0,1255,1098,3340,35,6,0,1,298,537,237,338,24,0,0,0,0,0,0,0,0,0,0,0,0,0,0,0,0,0,0,0,0,0,0,0,0,0,0,0,0,0,0,0,0
Residential,1,CED,CEDARBRAE,SOUTH,BUILT-OUT,1960s/1970s,2015,,6308,2608,500,0,0,1887,0,0,1335,570,0,163,513,0,27,0,0,0,0,0,0,0,0,163,33,301,0,0,0,0,20,2,36,3,0,4,0,564,339,1423,6,0,0,0,0,0,0,0,0,0,0,0,0,0,0,0,0,0,0,0,0,0,0,0,0,506,342,1091,7,0,0,1,1323,1171,3457,11,0,0,0,566,1013,501,445,51,0,0,0,0,0,0,0,0,0,0,0,0,0,0,0,0,0,0,0,0,0,0,0,0,0,0,0,0,0,0,0,0
Residential,1,PUM,PUMP HILL,SOUTH,BUILT-OUT,1960s/1970s,2015,,1705,561,67,0,0,416,0,0,382,50,0,61,66,0,0,0,0,0,2,0,0,0,0,59,0,68,2,0,0,0,0,0,0,0,0,0,0,49,48,86,1,0,0,0,0,0,0,0,0,0,0,0,0,0,0,0,0,0,2,0,347,0,0,0,0,60,0,93,6,0,0,0,372,368,1111,10,0,0,2,130,214,64,112,22,0,0,0,0,0,0,0,0,0,0,0,0,0,0,0,0,0,0,0,0,0,0,0,0,0,0,0,0,0,0,0,0
Residential,1,CGR,COUGAR RIDGE,WEST,DEVELOPING,2000s,2015,,6954,2181,881,0,0,1974,0,0,1882,92,0,0,205,0,2,0,0,0,0,0,0,0,0,0,0,0,0,0,0,0,2,1,7,0,0,0,0,92,75,245,0,0,0,0,0,0,0,0,0,0,0,0,0,0,0,0,0,0,0,0,0,0,0,0,1,192,143,401,9,3,0,0,1873,1755,6301,8,1,0,0,186,513,508,870,82,0,0,0,0,0,0,0,0,0,0,0,0,0,0,0,0,0,0,0,0,0,0,0,0,0,0,0,0,0,0,0,0
Residential,1,SNA,SUNALTA,CENTRE,BUILT-OUT,INNER CITY,2015,,3454,2128,151,0,0,512,0,0,244,3,8,1645,74,0,141,0,6,5,0,1,1,0,3,1572,361,2549,70,0,0,5,115,5,184,16,1,4,0,2,0,3,0,1,0,0,0,0,0,0,0,0,0,4,0,7,4,0,0,2,10,0,59,1,0,0,0,63,37,126,7,4,0,4,215,109,526,19,3,3,13,947,758,180,88,7,0,0,0,0,0,0,0,0,0,0,0,0,0,0,0,0,0,0,0,0,0,0,0,0,0,0,0,0,0,0,0,0
Residential,1,BRD,BRIDGELAND/RIVERSIDE,CENTRE,BUILT-OUT,INNER CITY,2015,,6010,3679,415,0,0,1186,0,0,880,104,22,2213,195,0,246,0,12,1,4,0,2,0,24,1644,485,2572,55,489,1,1,207,9,308,23,0,15,0,90,54,195,10,4,0,0,0,0,0,0,0,0,0,19,15,38,0,3,3,0,19,1,726,0,0,0,13,152,87,269,2,0,28,7,809,535,1902,42,21,1,19,1388,1026,302,206,18,0,0,0,0,0,0,0,0,0,0,0,0,0,0,0,0,0,0,0,0,0,0,0,0,0,0,0,0,0,0,0,0
Residential,1,LKV,LAKEVIEW,WEST,BUILT-OUT,1960s/1970s,2015,,5451,2341,275,0,0,1807,0,0,1689,75,0,334,230,0,13,0,0,0,0,0,0,0,2,325,1,576,7,0,0,0,10,3,15,3,0,0,0,73,51,172,2,0,0,0,0,0,0,0,0,0,0,0,0,0,0,0,0,0,0,0,0,0,0,0,0,223,195,420,7,0,0,0,1649,1557,4268,32,7,1,0,556,908,340,456,20,0,0,0,0,0,0,0,0,0,0,0,0,0,0,0,0,0,0,0,0,0,0,0,0,0,0,0,0,0,0,0,0
Residential,1,VIS,VISTA HEIGHTS,NORTHEAST,BUILT-OUT,1960s/1970s,2015,,2444,852,327,0,0,394,0,0,380,20,0,41,371,0,37,0,0,0,0,0,3,0,0,41,0,94,0,0,0,0,30,1,49,4,0,3,0,19,3,56,1,0,0,0,0,0,0,0,0,0,0,0,0,0,0,0,0,0,1,0,4,2,0,0,0,364,76,1255,7,0,0,0,378,314,986,2,0,0,3,125,249,206,205,48,0,0,0,0,0,0,0,0,0,0,0,0,0,0,0,0,0,0,0,0,0,0,0,0,0,0,0,0,0,0,0,0
Residential,1,GLA,GLAMORGAN,WEST,BUILT-OUT,1950s,2015,,6432,2961,403,0,0,1774,0,0,1138,74,43,880,806,0,17,0,0,1,2,0,0,0,1,867,188,1479,12,0,0,2,12,3,18,1,0,2,0,74,51,204,0,0,0,0,0,0,0,0,0,0,0,41,0,100,2,0,0,0,3,1,178,0,0,0,0,788,503,1648,18,0,0,0,1109,1028,2805,27,1,1,3,986,1009,488,375,35,0,0,0,0,0,0,0,0,0,0,0,0,0,0,0,0,0,0,0,0,0,0,0,0,0,0,0,0,0,0,0,0
Residential,1,EYA,ELBOYA,CENTRE,BUILT-OUT,1950s,2015,,1849,767,129,0,0,411,0,0,469,10,0,250,20,0,17,0,0,0,0,0,1,0,1,243,16,524,6,0,0,1,15,2,26,0,0,1,0,10,0,21,0,0,0,0,0,0,0,0,0,0,0,0,0,0,0,0,0,0,0,0,0,1,0,0,0,18,0,35,2,0,0,0,440,393,1243,24,5,0,1,160,238,166,150,12,0,0,0,0,0,0,0,0,0,0,0,0,0,0,0,0,0,0,0,0,0,0,0,0,0,0,0,0,0,0,0,0
Residential,1,PKH,PARKHILL,CENTRE,BUILT-OUT,1950s,2015,,1686,889,87,0,0,433,0,0,361,161,0,288,20,0,59,0,0,0,0,0,0,0,0,238,62,400,14,35,1,6,43,3,75,8,0,2,0,148,100,368,9,4,0,0,0,0,0,0,0,0,0,0,0,0,0,0,0,0,0,0,0,0,0,0,0,17,4,42,0,3,0,0,342,264,801,10,6,3,0,245,320,125,93,5,0,0,0,0,0,0,0,0,0,0,0,0,0,0,0,0,0,0,0,0,0,0,0,0,0,0,0,0,0,0,0,0
Residential,1,NHV,NORTH HAVEN,NORTH,BUILT-OUT,1960s/1970s,2015,,2473,1005,191,0,0,661,0,0,605,204,0,72,86,0,38,0,0,0,0,0,0,0,0,63,17,84,8,0,1,0,36,3,68,0,0,2,0,198,90,492,6,0,0,0,0,0,0,0,0,0,0,0,0,0,0,0,0,0,0,0,0,0,0,0,0,85,0,253,1,0,0,0,597,551,1576,6,0,2,0,204,387,166,197,25,0,0,0,0,0,0,0,0,0,0,0,0,0,0,0,0,0,0,0,0,0,0,0,0,0,0,0,0,0,0,0,0
Residential,1,ROX,ROXBORO,CENTRE,BUILT-OUT,INNER CITY,2015,,402,159,24,0,0,134,0,0,159,0,0,0,0,0,0,0,0,0,0,0,0,0,0,0,0,0,0,0,0,0,0,0,0,0,0,0,0,0,0,0,0,0,0,0,0,0,0,0,0,0,0,0,0,0,0,0,0,0,0,0,0,0,0,0,0,0,0,0,0,0,0,1,142,134,402,14,2,0,0,17,57,21,41,6,0,0,0,0,0,0,0,0,0,0,0,0,0,0,0,0,0,0,0,0,0,0,0,0,0,0,0,0,0,0,0,0
Residential,1,BRE,BRENTWOOD,NORTHWEST,BUILT-OUT,1960s/1970s,2015,,6941,3314,363,0,0,1745,0,0,1979,0,83,912,260,0,80,0,0,0,0,0,0,0,1,563,84,886,73,275,0,0,60,6,124,20,0,0,0,0,0,0,0,0,0,0,0,0,0,0,0,0,0,83,4,128,0,0,0,0,0,0,0,0,0,0,1,235,0,572,4,20,0,0,1927,1651,5231,51,0,1,0,727,1080,465,543,53,0,0,0,0,0,0,0,0,0,0,0,0,0,0,0,0,0,0,0,0,0,0,0,0,0,0,0,0,0,0,0,0
Residential,1,FAL,FALCONRIDGE,NORTHEAST,BUILT-OUT,1980s/1990s,2015,,11088,3508,961,0,0,1829,0,0,1858,543,0,212,597,0,298,0,0,0,0,0,0,0,0,202,16,459,10,0,0,0,241,10,614,53,0,4,0,527,258,1777,16,0,0,0,0,0,0,0,0,0,0,0,0,0,0,0,0,0,0,0,0,0,0,0,1,576,280,1901,20,0,0,0,1810,1265,6337,47,0,1,0,387,883,701,1062,323,0,0,0,0,0,0,0,0,0,0,0,0,0,0,0,0,0,0,0,0,0,0,0,0,0,0,0,0,0,0,0,0
Residential,1,SHN,SHAWNESSY,SOUTH,BUILT-OUT,1980s/1990s,2015,,9546,3310,558,0,0,2729,0,0,2680,66,0,257,254,0,51,0,0,0,1,0,1,0,0,257,154,463,0,0,0,0,42,4,83,8,0,1,0,64,64,114,1,0,1,0,0,0,0,0,0,0,0,0,0,0,0,0,0,0,1,0,81,1,0,0,0,253,177,581,1,0,0,0,2668,2330,8224,11,1,0,2,476,1134,655,847,173,0,0,0,0,0,0,0,0,0,0,0,0,0,0,0,0,0,0,0,0,0,0,0,0,0,0,0,0,0,0,0,0
Residential,1,RIC,RICHMOND,CENTRE,BUILT-OUT,1950s,2015,,4663,2328,502,0,0,1307,0,0,1066,566,30,330,142,0,194,0,0,0,0,0,0,0,0,320,83,473,10,0,0,1,143,9,218,28,8,14,0,495,389,1266,34,37,0,0,0,0,0,0,0,0,0,20,6,35,0,10,10,0,0,0,0,0,0,0,2,130,77,291,3,7,0,1,991,743,2380,55,19,0,0,606,844,332,293,24,0,0,0,0,0,0,0,0,0,0,0,0,0,0,0,0,0,0,0,0,0,0,0,0,0,0,0,0,0,0,0,0
Residential,1,BRI,BRIDLEWOOD,SOUTH,BUILT-OUT,2000s,2015,,13045,4204,1319,0,0,3400,0,0,2863,305,3,791,204,0,38,0,0,0,0,0,0,0,0,783,461,1760,8,0,0,0,33,1,58,4,0,1,0,305,274,760,0,0,0,0,0,0,0,0,0,0,0,3,3,8,0,0,0,0,0,0,0,0,0,0,0,202,158,567,2,0,0,1,2837,2503,9892,25,0,0,0,530,1116,902,1348,267,0,0,0,0,0,0,0,0,0,0,0,0,0,0,0,0,0,0,0,0,0,0,0,0,0,0,0,0,0,0,0,0
Residential,1,ASP,ASPEN WOODS,WEST,DEVELOPING,BUILDING OUT,2015,,8271,2892,1102,0,0,2343,0,0,2048,10,2,339,489,0,3,0,0,0,1,0,0,0,2,258,157,406,11,68,0,0,3,0,8,0,0,0,0,10,8,30,0,0,0,0,0,0,0,0,0,0,0,2,2,8,0,0,0,0,1,0,0,0,0,0,0,465,387,908,20,4,0,7,1898,1789,6911,45,96,2,1,357,635,471,1063,110,0,0,0,0,0,0,0,0,0,0,0,0,0,0,0,0,0,0,0,0,0,0,0,0,0,0,0,0,0,0,0,0
Residential,1,HIL,HILLHURST,CENTRE,BUILT-OUT,INNER CITY,2015,,6737,3656,415,0,0,1308,0,0,997,289,100,2017,93,0,147,1,8,1,1,0,2,0,1,1702,308,2938,236,77,1,1,130,9,201,14,1,1,0,261,210,667,13,15,0,0,0,0,0,0,0,0,0,97,5,130,2,1,1,0,12,1,239,1,0,0,0,88,42,181,3,2,0,5,941,733,2381,40,10,1,13,1169,1310,345,394,13,0,0,0,0,0,0,0,0,0,0,0,0,0,0,0,0,0,0,0,0,0,0,0,0,0,0,0,0,0,0,0,0
Residential,1,GDL,GLENDALE,WEST,BUILT-OUT,1950s,2015,,2794,1116,184,0,0,847,0,0,959,0,0,108,24,0,25,0,0,0,0,0,0,0,0,108,0,169,0,0,0,0,19,4,33,1,0,5,0,0,0,0,0,0,0,0,0,0,0,0,0,0,0,0,0,0,0,0,0,0,0,0,0,0,0,0,0,23,20,46,1,0,0,1,937,823,2546,17,3,1,0,250,361,201,251,24,0,0,0,0,0,0,0,0,0,0,0,0,0,0,0,0,0,0,0,0,0,0,0,0,0,0,0,0,0,0,0,0
Residential,1,WBN,WOODBINE,SOUTH,BUILT-OUT,1980s/1990s,2015,,9145,3373,570,0,0,3004,0,0,2931,82,0,0,342,0,18,0,0,0,0,0,0,0,0,0,0,0,0,0,0,0,14,1,27,3,0,1,0,81,58,198,1,0,0,0,0,0,0,0,0,0,0,0,0,0,0,0,0,0,0,0,0,0,0,0,0,334,242,760,8,0,0,0,2901,2703,8160,30,0,0,0,405,1354,679,798,94,0,0,0,0,0,0,0,0,0,0,0,0,0,0,0,0,0,0,0,0,0,0,0,0,0,0,0,0,0,0,0,0
Residential,1,DNW,DOWNTOWN WEST END,CENTRE,BUILT-OUT,CENTRE CITY,2015,,2501,1821,172,0,0,564,0,0,3,0,0,1815,0,0,0,0,1,0,0,0,2,0,25,1466,564,2482,128,195,1,0,0,0,0,0,0,0,0,0,0,0,0,0,0,0,0,0,0,0,0,0,0,0,0,0,0,0,0,0,3,0,19,0,0,0,0,0,0,0,0,0,0,2,0,0,0,0,0,1,3,686,612,117,50,4,0,0,0,0,0,0,0,0,0,0,0,0,0,0,0,0,0,0,0,0,0,0,0,0,0,0,0,0,0,0,0,0
Residential,1,MCT,MCKENZIE TOWNE,SOUTHEAST,DEVELOPING,BUILDING OUT,2015,,18029,7130,2014,0,0,5548,0,0,3660,639,0,1494,1245,0,11,0,0,79,2,0,0,0,3,1459,881,2484,30,0,2,1,9,1,11,1,0,0,0,633,526,1560,6,0,0,0,0,0,0,0,0,0,0,0,0,0,0,0,0,1,71,2,385,9,0,0,2,1170,899,2317,51,22,0,0,3631,3239,11272,28,0,1,81,1604,2420,1244,1542,160,0,0,0,0,0,0,0,0,0,0,0,0,0,0,0,0,0,0,0,0,0,0,0,0,0,0,0,0,0,0,0,0
Residential,1,HID,HIDDEN VALLEY,NORTH,BUILT-OUT,1980s/1990s,2015,,11900,3868,884,0,0,3445,0,0,3440,132,0,0,274,0,22,0,0,0,0,0,0,0,0,0,0,0,0,0,0,0,20,2,34,2,0,0,0,132,108,291,0,0,0,0,0,0,0,0,0,0,0,0,0,0,0,0,0,0,0,0,0,0,0,0,0,266,217,582,8,0,0,0,3422,3118,10993,18,0,0,0,418,1096,783,1377,165,0,0,0,0,0,0,0,0,0,0,0,0,0,0,0,0,0,0,0,0,0,0,0,0,0,0,0,0,0,0,0,0
Residential,1,TAR,TARADALE,NORTHEAST,DEVELOPING,2000s,2015,,19223,5072,2186,0,0,3460,0,0,3310,212,0,379,438,0,733,0,0,0,0,0,0,0,0,368,170,1038,11,0,0,4,570,36,1631,93,1,65,0,212,170,771,0,0,0,0,0,0,0,0,0,0,0,0,0,0,0,0,0,0,0,0,0,0,0,0,0,437,327,1465,1,0,0,0,3272,2757,14318,30,0,8,0,319,753,918,2030,839,0,0,0,0,0,0,0,0,0,0,0,0,0,0,0,0,0,0,0,0,0,0,0,0,0,0,0,0,0,0,0,0
Residential,1,RUN,RUNDLE,NORTHEAST,BUILT-OUT,1960s/1970s,2015,,11946,3829,934,0,0,2217,0,0,2225,173,0,0,1111,0,319,1,0,0,0,0,0,0,0,0,0,0,0,0,0,0,275,6,603,29,1,14,0,168,116,430,5,0,0,0,0,0,0,0,0,0,0,0,0,0,0,0,0,0,1,1,6,0,0,0,3,1082,324,3295,26,0,0,0,2201,1770,7612,19,4,1,1,430,1106,777,1087,327,0,0,0,0,0,0,0,0,0,0,0,0,0,0,0,0,0,0,0,0,0,0,0,0,0,0,0,0,0,0,0,0
Residential,1,ERI,ERIN WOODS,EAST,BUILT-OUT,1980s/1990s,2015,,7309,2472,670,0,0,1728,0,0,1850,49,0,119,271,97,86,0,0,0,0,0,0,0,0,116,73,159,3,0,0,1,71,9,147,12,0,2,0,43,11,158,6,0,0,0,96,88,191,1,0,0,0,0,0,0,0,0,0,0,0,0,0,0,0,0,1,264,47,911,6,0,0,2,1826,1500,5743,21,1,0,0,343,674,558,697,144,0,0,0,0,0,0,0,0,0,0,0,0,0,0,0,0,0,0,0,0,0,0,0,0,0,0,0,0,0,0,0,0
Residential,1,PIN,PINERIDGE,NORTHEAST,BUILT-OUT,1960s/1970s,2015,,10212,3848,944,0,0,2267,0,0,1730,607,0,778,606,0,127,0,0,0,0,0,0,0,2,689,172,1255,23,64,0,0,102,3,231,16,0,9,0,593,405,1778,14,0,0,0,0,0,0,0,0,0,0,0,0,0,0,0,0,0,0,0,0,0,0,0,1,591,301,1562,14,0,0,2,1701,1386,5386,25,1,1,0,772,1133,758,787,226,0,0,0,0,0,0,0,0,0,0,0,0,0,0,0,0,0,0,0,0,0,0,0,0,0,0,0,0,0,0,0,0
Residential,1,HIW,HIGHWOOD,CENTRE,BUILT-OUT,1950s,2015,,2314,1006,176,0,0,584,0,0,736,73,3,19,16,0,157,0,0,2,0,0,0,0,0,19,0,39,0,0,0,0,131,7,226,16,0,10,0,64,35,158,7,2,0,0,0,0,0,0,0,0,0,3,1,3,0,0,0,0,2,0,6,0,0,0,0,16,14,41,0,0,0,4,712,527,1841,18,1,1,2,228,342,182,177,18,0,0,0,0,0,0,0,0,0,0,0,0,0,0,0,0,0,0,0,0,0,0,0,0,0,0,0,0,0,0,0,0
